Workbook
Name _FX1: 伤害计算!$BK:$BK
Name _FX10: 伤害计算!$BT:$BT
Name _FX11: 伤害计算!$BU:$BU
Name _FX12: 伤害计算!$BV:$BV
Name _FX13: 伤害计算!$BW:$BW
Name _FX14: 伤害计算!$BX:$BX
Name _FX15: 伤害计算!$BY:$BY
Name _FX2: 伤害计算!$BL:$BL
Name _FX3: 伤害计算!$BN:$BN
Name _FX4: 伤害计算!$BN:$BN
Name _FX5: 伤害计算!$BO:$BO
Name _FX6: 伤害计算!$BP:$BP
Name _FX7: 伤害计算!$BQ:$BQ
Name _FX8: 伤害计算!$BR:$BR
Name _FX9: 伤害计算!$BS:$BS
Name BUFF: 伤害计算!$E$19:$E$33
Name 昂扬: 伤害计算!$C$16
Name 昂扬背水乘区: _xlfn.LAMBDA(_xlpm.a,_xlpm.b,(1+_xlpm.a*伤害计算!当前生命百分比)*(1+4*_xlpm.b*(1-MAX(0.25,伤害计算!当前生命百分比))*(1.5-MAX(0.25,伤害计算!当前生命百分比))))
Name 昂扬下限: 0
Name 白: 伤害计算!$BJ$1:$BJ$4
Name 包含: _xlfn.LAMBDA(_xlpm.值,_xlpm.数组,ISNUMBER(MATCH(_xlpm.值,_xlpm.数组,0)))
Name 背水: 伤害计算!$C$17
Name 背水下限: 0
Name 表取值: _xlfn.LAMBDA(_xlpm.键,_xlpm.表,_xlpm.表头,_xlpm.列,IFERROR(VLOOKUP(_xlpm.键,_xlpm.表,MATCH(_xlpm.列,_xlpm.表头,0),0),0))
Name 当前生命百分比: 伤害计算!$F$4
Name 敌方等级: 伤害计算!$J$3
Name 敌方抗性: 伤害计算!$M$4
Name 范围上限: 2.8
Name 防御乘区: _xlfn.LAMBDA(_xlpm.无视防御1,1-(1-(1-伤害计算!防御系数/(30+伤害计算!防御系数-MAX(0,MIN(20,MIN(80,伤害计算!敌方等级)-伤害计算!角色等级)))))*(1-_xlpm.无视防御1))
Name 防御系数: 伤害计算!$M$3
Name 和鸣增益: 伤害计算!$H$3
Name 基础: _xlfn.LAMBDA(_xlpm.键,IFERROR(INDIRECT("基础"&_xlpm.键),1))
Name 基础独立增伤: 伤害计算!$B$19
Name 基础防御: 伤害计算!$B$10
Name 基础攻击: 伤害计算!$B$7
Name 基础护盾: 伤害计算!$B$9
Name 基础近战暴击: 伤害计算!$B$65
Name 基础近战暴伤: 伤害计算!$B$66
Name 基础近战触发: 伤害计算!$B$69
Name 基础近战攻击: 伤害计算!$B$64
Name 基础近战攻速: 伤害计算!$B$70
Name 基础神智: 伤害计算!$B$11
Name 基础生命: 伤害计算!$B$8
Name 基础同律暴击: 伤害计算!$B$129
Name 基础同律暴伤: 伤害计算!$B$130
Name 基础同律触发: 伤害计算!$B$133
Name 基础同律多重: 伤害计算!$B$136
Name 基础同律攻击: 伤害计算!$B$128
Name 基础同律攻速: 伤害计算!$B$134
Name 基础无视防御: 伤害计算!$B$33
Name 基础远程暴击: 伤害计算!$B$98
Name 基础远程暴伤: 伤害计算!$B$99
Name 基础远程触发: 伤害计算!$B$102
Name 基础远程多重: 伤害计算!$B$104
Name 基础远程攻击: 伤害计算!$B$97
Name 基础远程攻速: 伤害计算!$B$103
Name 角色: 伤害计算!$B$3
Name 角色MOD: 伤害计算!$E$7:$E$14
Name 角色MOD等级乘数: _xlfn.MAP((伤害计算!$J$7:$J$14+1)/IF(伤害计算!$G$7:$G$14="金",11,IF(伤害计算!$G$7:$G$14="绿",4,6)),_xlfn.LAMBDA(_xlpm.a,IF(_xlpm.a>1,1,_xlpm.a)))
Name 角色等级: 伤害计算!$F$3

Sheet 伤害计算
A1: 二重螺旋配卡模拟器 (2025/12/2) | AV1: 角色MOD | AW1: 近战MOD | AX1: 远程MOD | AY1: 同律MOD | AZ1: 技能 | BA1: 近战倍率 | BB1: 远程倍率 | BC1: 同律倍率 | BD1: 属性 | BE1: 1 | BF1: 2 | BG1: 3 | BH1: 4 | BI1: 5 | BJ1: 0 | BK1: {=_xlfn.SEQUENCE(IFERROR(VLOOKUP(INDEX(BUFF,COLUMNS($BK1:BK1)),BUFF表[],MATCH("mx",BUFF表[#Headers],0),0),0)+1-IFERROR(VLOOKUP(INDEX(BUFF,COLUMNS($BK1:BK1)),BUFF表[],MATCH("lx",BUFF表[#Headers],0),0),0),1,IFERROR(VLOOKUP(INDEX(BUFF,COLUMNS($BK1:BK1)),BUFF表[],MATCH("lx",BUFF表[#Headers],0),0),0))} -> 1 | BL1: {=_xlfn.SEQUENCE(IFERROR(VLOOKUP(INDEX(BUFF,COLUMNS($BK1:BL1)),BUFF表[],MATCH("mx",BUFF表[#Headers],0),0),0)+1-IFERROR(VLOOKUP(INDEX(BUFF,COLUMNS($BK1:BL1)),BUFF表[],MATCH("lx",BUFF表[#Headers],0),0),0),1,IFERROR(VLOOKUP(INDEX(BUFF,COLUMNS($BK1:BL1)),BUFF表[],MATCH("lx",BUFF表[#Headers],0),0),0))} -> 0 | BM1: {=_xlfn.SEQUENCE(IFERROR(VLOOKUP(INDEX(BUFF,COLUMNS($BK1:BM1)),BUFF表[],MATCH("mx",BUFF表[#Headers],0),0),0)+1-IFERROR(VLOOKUP(INDEX(BUFF,COLUMNS($BK1:BM1)),BUFF表[],MATCH("lx",BUFF表[#Headers],0),0),0),1,IFERROR(VLOOKUP(INDEX(BUFF,COLUMNS($BK1:BM1)),BUFF表[],MATCH("lx",BUFF表[#Headers],0),0),0))} -> 0 | BN1: {=_xlfn.SEQUENCE(IFERROR(VLOOKUP(INDEX(BUFF,COLUMNS($BK1:BN1)),BUFF表[],MATCH("mx",BUFF表[#Headers],0),0),0)+1-IFERROR(VLOOKUP(INDEX(BUFF,COLUMNS($BK1:BN1)),BUFF表[],MATCH("lx",BUFF表[#Headers],0),0),0),1,IFERROR(VLOOKUP(INDEX(BUFF,COLUMNS($BK1:BN1)),BUFF表[],MATCH("lx",BUFF表[#Headers],0),0),0))} -> 1 | BO1: {=_xlfn.SEQUENCE(IFERROR(VLOOKUP(INDEX(BUFF,COLUMNS($BK1:BO1)),BUFF表[],MATCH("mx",BUFF表[#Headers],0),0),0)+1-IFERROR(VLOOKUP(INDEX(BUFF,COLUMNS($BK1:BO1)),BUFF表[],MATCH("lx",BUFF表[#Headers],0),0),0),1,IFERROR(VLOOKUP(INDEX(BUFF,COLUMNS($BK1:BO1)),BUFF表[],MATCH("lx",BUFF表[#Headers],0),0),0))} -> 0 | BP1: {=_xlfn.SEQUENCE(IFERROR(VLOOKUP(INDEX(BUFF,COLUMNS($BK1:BP1)),BUFF表[],MATCH("mx",BUFF表[#Headers],0),0),0)+1-IFERROR(VLOOKUP(INDEX(BUFF,COLUMNS($BK1:BP1)),BUFF表[],MATCH("lx",BUFF表[#Headers],0),0),0),1,IFERROR(VLOOKUP(INDEX(BUFF,COLUMNS($BK1:BP1)),BUFF表[],MATCH("lx",BUFF表[#Headers],0),0),0))} -> 0 | BQ1: {=_xlfn.SEQUENCE(IFERROR(VLOOKUP(INDEX(BUFF,COLUMNS($BK1:BQ1)),BUFF表[],MATCH("mx",BUFF表[#Headers],0),0),0)+1-IFERROR(VLOOKUP(INDEX(BUFF,COLUMNS($BK1:BQ1)),BUFF表[],MATCH("lx",BUFF表[#Headers],0),0),0),1,IFERROR(VLOOKUP(INDEX(BUFF,COLUMNS($BK1:BQ1)),BUFF表[],MATCH("lx",BUFF表[#Headers],0),0),0))} -> 0 | BR1: {=_xlfn.SEQUENCE(IFERROR(VLOOKUP(INDEX(BUFF,COLUMNS($BK1:BR1)),BUFF表[],MATCH("mx",BUFF表[#Headers],0),0),0)+1-IFERROR(VLOOKUP(INDEX(BUFF,COLUMNS($BK1:BR1)),BUFF表[],MATCH("lx",BUFF表[#Headers],0),0),0),1,IFERROR(VLOOKUP(INDEX(BUFF,COLUMNS($BK1:BR1)),BUFF表[],MATCH("lx",BUFF表[#Headers],0),0),0))} -> 0 | ... BY1: {=_xlfn.SEQUENCE(IFERROR(VLOOKUP(INDEX(BUFF,COLUMNS($BK1:BY1)),BUFF表[],MATCH("mx",BUFF表[#Headers],0),0),0)+1-IFERROR(VLOOKUP(INDEX(BUFF,COLUMNS($BK1:BY1)),BUFF表[],MATCH("lx",BUFF表[#Headers],0),0),0),1,IFERROR(VLOOKUP(INDEX(BUFF,COLUMNS($BK1:BY1)),BUFF表[],MATCH("lx",BUFF表[#Headers],0),0),0))} -> 0 | BZ1: {=_xlfn._xlws.FILTER(角色MOD表[品质],角色MOD表[名称]=INDEX(角色MOD,COLUMNS($BK1:BK1)))} -> 金 | CA1: {=_xlfn._xlws.FILTER(角色MOD表[品质],角色MOD表[名称]=INDEX(角色MOD,COLUMNS($BK1:BL1)))} -> 金 | CB1: {=_xlfn._xlws.FILTER(角色MOD表[品质],角色MOD表[名称]=INDEX(角色MOD,COLUMNS($BK1:BM1)))} -> #VALUE! | CC1: {=_xlfn._xlws.FILTER(角色MOD表[品质],角色MOD表[名称]=INDEX(角色MOD,COLUMNS($BK1:BN1)))} -> 金 | CD1: {=_xlfn._xlws.FILTER(角色MOD表[品质],角色MOD表[名称]=INDEX(角色MOD,COLUMNS($BK1:BO1)))} -> 金 | CE1: {=_xlfn._xlws.FILTER(角色MOD表[品质],角色MOD表[名称]=INDEX(角色MOD,COLUMNS($BK1:BP1)))} -> 金 | CF1: {=_xlfn._xlws.FILTER(角色MOD表[品质],角色MOD表[名称]=INDEX(角色MOD,COLUMNS($BK1:BQ1)))} -> 金 | CG1: {=_xlfn._xlws.FILTER(角色MOD表[品质],角色MOD表[名称]=INDEX(角色MOD,COLUMNS($BK1:BR1)))} -> 金
AV2: {=_xlfn._xlws.FILTER(角色MOD表[名称],(角色MOD表[属性]="")+(ISNUMBER(FIND($B$6,角色MOD表[属性]))))} -> 炽灼 | AW2: {=_xlfn._xlws.FILTER(武器MOD表[名称],((武器MOD表[限定]="")+(武器MOD表[限定]=$B$63)+(武器MOD表[限定]=$B$62))*(武器MOD表[类型]="近战武器"))} -> 攻势 | AX2: {=_xlfn._xlws.FILTER(武器MOD表[名称],((武器MOD表[限定]="")+(武器MOD表[限定]=$B$95)+(武器MOD表[限定]=$B$94))*(武器MOD表[类型]="远程武器"))} -> 攻势 | AY2: {=_xlfn._xlws.FILTER(武器MOD表[名称],武器MOD表[类型]=A123)} -> #VALUE! | AZ2: {=_xlfn._xlws.FILTER(技能表[名称],技能表[角色]=B3)} -> 鳞粉印记(E) | BA2: {=_xlfn._xlws.FILTER(近战倍率表[名称],近战倍率表[武器类型]=B62)} -> #VALUE! | BB2: {=_xlfn._xlws.FILTER(远程倍率表[名称],(远程倍率表[武器类型]=B94)*ISNUMBER(FIND(B92,远程倍率表[武器名称])))} -> 子弹伤害 | BC2: {=_xlfn.UNIQUE(_xlfn._xlws.FILTER(同律倍率表[名称],(同律倍率表[武器名称]=B123)*ISNUMBER(FIND(B123,同律倍率表[武器名称]))))} -> #VALUE! | BD2: 雷 | BE2: 雷云摧朽(满层) | BF2: 炽灼·决断 | BG2: 羽翼·永恒 | BH2: 炽灼·背水 | BI2: 炽灼·坚守 | BJ2: 1 | BK2: 2 | BM2: 1 | BN2: 2 | BP2: 1 | BR2: 1 | BT2: 1 | BU2: 1 | BV2: 1 | BW2: 1 | BX2: 1 | BZ2: 紫 | CA2: 紫 | CC2: 紫 | CD2: 紫 | CE2: 紫 | CF2: 紫 | CG2: 紫
A3: 角色 | B3: 赛琪 | C3: =IFERROR(VLOOKUP($B$3,角色表[],MATCH("近战",角色表[#Headers],0),0),"") -> 长柄 | D3: =IFERROR(VLOOKUP($B$3,角色表[],MATCH("远程",角色表[#Headers],0),0),"") -> 突击枪 | E3: 等级 | F3: 80 | G3: 和鸣增益 | H3: 2 | I3: 敌方等级 | J3: 180 | K3: 敌方类型 | L3: 小型 | M3: =IF($L$3="小型",13,IF($L$3="大型",20,30)) -> 13 | AV3: 涅槃 | AW3: 迅捷 | AX3: 迅捷 | AZ3: 鳞粉印记(E) | BD3: 水 | BE3: 水雾弥散 | BF3: 羽翼·决断 | BG3: 炽灼·权能 | BH3: 炽灼·鼓舞 | BI3: 炽灼·涅槃 | BJ3: 2 | BK3: 3 | BM3: 2 | BN3: 3 | BP3: 2 | BR3: 2 | BT3: 2 | BU3: 2 | BV3: 2 | BW3: 2 | BX3: 2
A4: 对象 | B4: 血量 | C4: 战姿失衡 | D4: 否 | E4: 当前生命百分比 | F4: 0.01 | G4: 属性克制 | H4: 弱点 | K4: 敌方抗性 | L4: 0 | M4: =L4+IF($H$4="弱点",-4,IF($H$4="非弱点",0.5,0)) -> -4 | AV4: 庇佑 | AW4: 领界 | AX4: 叠影 | AZ4: 浮光鳞粉(E) | BD4: 火 | BE4: 焚心野火(满层) | BF4: 涅槃·权能 | BG4: 炽灼·永恒(火) | BH4: 炽灼·坚守 | BI4: 炽灼·鼓舞 | BJ4: 3 | BK4: 4 | BM4: 3 | BN4: 4 | BP4: 3 | BR4: 3 | BT4: 3 | BU4: 3 | BV4: 3 | BW4: 3 | BX4: 3
A5: 角色面板 | D5: 角色MOD | T5: 收益计算辅助列 | AV5: 羽翼 | AW5: 锋锐 | AX5: 重压 | AZ5: 浮光鳞粉(E) | BD5: 风 | BE5: 薰风吐息(触发) | BF5: 炽灼·决断 | BG5: 羽翼·永恒 | BH5: 炽灼·背水 | BI5: 炽灼·坚守 | BJ5: 4 | BK5: 5 | BM5: 4 | BN5: 5 | BP5: 4 | BR5: 4 | BT5: 4 | BU5: 4 | BV5: 4 | BX5: 4
A6: 属性 | B6: =IFERROR(VLOOKUP($B$3,角色表[],MATCH(A6,角色表[#Headers],0),0),"") -> 风 | C6: {=取角色总属性("属性伤")} -> 0.38394 | D6: 收益 | E6: 名称 | F6: 系列 | G6: 品质 | H6: 极性 | I6: 耐受 | J6: 强化 | K6: 极化 | L6: 属性1 | N6: 属性2 | P6: 属性3 | R6: 属性4 | T6: 去除后期望 | U6: 攻击 | V6: 生命 | W6: 防御 | X6: 威力 | Y6: 耐久 | Z6: 效益 | AA6: 范围 | AB6: 昂扬 | AC6: 背水 | AD6: 增伤 | AE6: 技能伤害 | AF6: 属性穿透 | AG6: 独立增伤 | AH6: 无视防御 | AV6: 坚守 | AW6: 专注 | AX6: 专注 | AZ6: 腐草为萤(Q) | BD6: 光 | BE6: 流光交辉 | BF6: 炽灭 | BG6: 涅槃·决断 | BH6: 炽灼·永恒(光) | BI6: 炽灼·背水 | BJ6: 5 | BK6: 6 | BM6: 5 | BN6: 6 | BP6: 5 | BR6: 5 | BT6: 5 | BU6: 5 | BV6: 5 | BX6: 5
A7: 攻击 | B7: {=VLOOKUP($B$3,角色表[],MATCH("基础"&A7,角色表[#Headers],0),0)*IFERROR(INDEX({0.07967,0.2063,0.3021,0.4137,0.5291,0.6826,0.8136,1},,ROUNDUP($F$3/10,0)),1)} -> 351.46 | C7: {=取角色总属性(A7)*(1+$C$6)} -> 6096.6876 | D7: =(B$39-T7)/T7 -> 0.13651195 | E7: 全盛·背水 | F7: =IFERROR(VLOOKUP($E7,角色MOD表[],MATCH(F$6,角色MOD表[#Headers],0),0),"") -> 百首 | G7: 金 | H7: =IFERROR(VLOOKUP($E7,角色MOD表[],MATCH(H$6,角色MOD表[#Headers],0),0),"")&"" -> A | I7: =IF(AND(K7<>"",H7<>""),ROUNDUP(IF(H7=K7,IFERROR(VLOOKUP($E7,角色MOD表[],6,0)+$J7-IF($G7="金",10,IF($G7="绿",3,5)),0)/2,IFERROR(VLOOKUP($E7,角色MOD表[],6,0)+$J7-IF($G7="金",10,IF($G7="绿",3,5)),0)*1.5),0),IFERROR(VLOOKUP($E7,角色MOD表[],6,0)+$J7-IF($G7="金",10,IF($G7="绿",3,5)),0)) -> 23 | J7: 5 | L7: {=IFERROR(INDEX(角色MOD表[#Headers],SMALL(_xlfn._xlws.FILTER(COLUMN(_xlfn.DROP(INDEX(角色MOD表[],MATCH($E7,角色MOD表[名称],0),),,MATCH("耐受",角色MOD表[#Headers],0)))*(_xlfn.DROP(INDEX(角色MOD表[],MATCH($E7,角色MOD表[名称],0),),,6)<>""),COLUMN(_xlfn.DROP(INDEX(角色MOD表[],MATCH($E7,角色MOD表[名称],0),),,MATCH("耐受",角色MOD表[#Headers],0)))*(_xlfn.DROP(INDEX(角色MOD表[],MATCH($E7,角色MOD表[名称],0),),,6)<>"")<>0),ROUNDUP(COLUMNS($L7:L7)/2,0))),"")} -> 攻击 | M7: {=IFERROR(_xlfn.MAP(INDEX(INDEX(角色MOD表[],MATCH($E7,角色MOD表[名称],0),),SMALL(_xlfn._xlws.FILTER(COLUMN(_xlfn.DROP(INDEX(角色MOD表[],MATCH($E7,角色MOD表[名称],0),),,MATCH("耐受",角色MOD表[#Headers],0)))*(_xlfn.DROP(INDEX(角色MOD表[],MATCH($E7,角色MOD表[名称],0),),,MATCH("耐受",角色MOD表[#Headers],0))<>""),COLUMN(_xlfn.DROP(INDEX(角色MOD表[],MATCH($E7,角色MOD表[名称],0),),,MATCH("耐受",角色MOD表[#Headers],0)))*(_xlfn.DROP(INDEX(角色MOD表[],MATCH($E7,角色MOD表[名称],0),),,MATCH("耐受",角色MOD表[#Headers],0))<>"")<>0),ROUNDUP(COLUMNS($L7:L7)/2,0))),_xlfn.LAMBDA(_xlpm.x,IFERROR(IF(ISNUMBER(MATCH($F7,{"百首","狮鹫","契约者"},0)),1+SUM(IFERROR(BUFF层数乘数*VLOOKUP(BUFF,BUFF表[],MATCH("MOD属性",BUFF表[#Headers],0),0),0)),1)*MIN(1,($J7+1)/IF($G7="金",11,IF($G7="绿",4,6)))*_xlpm.x,_xlpm.x))),"")} -> 0.85512 | N7: {=IFERROR(INDEX(角色MOD表[#Headers],SMALL(_xlfn._xlws.FILTER(COLUMN(_xlfn.DROP(INDEX(角色MOD表[],MATCH($E7,角色MOD表[名称],0),),,MATCH("耐受",角色MOD表[#Headers],0)))*(_xlfn.DROP(INDEX(角色MOD表[],MATCH($E7,角色MOD表[名称],0),),,6)<>""),COLUMN(_xlfn.DROP(INDEX(角色MOD表[],MATCH($E7,角色MOD表[名称],0),),,MATCH("耐受",角色MOD表[#Headers],0)))*(_xlfn.DROP(INDEX(角色MOD表[],MATCH($E7,角色MOD表[名称],0),),,6)<>"")<>0),ROUNDUP(COLUMNS($L7:N7)/2,0))),"")} -> 生命 | O7: {=IFERROR(_xlfn.MAP(INDEX(INDEX(角色MOD表[],MATCH($E7,角色MOD表[名称],0),),SMALL(_xlfn._xlws.FILTER(COLUMN(_xlfn.DROP(INDEX(角色MOD表[],MATCH($E7,角色MOD表[名称],0),),,MATCH("耐受",角色MOD表[#Headers],0)))*(_xlfn.DROP(INDEX(角色MOD表[],MATCH($E7,角色MOD表[名称],0),),,MATCH("耐受",角色MOD表[#Headers],0))<>""),COLUMN(_xlfn.DROP(INDEX(角色MOD表[],MATCH($E7,角色MOD表[名称],0),),,MATCH("耐受",角色MOD表[#Headers],0)))*(_xlfn.DROP(INDEX(角色MOD表[],MATCH($E7,角色MOD表[名称],0),),,MATCH("耐受",角色MOD表[#Headers],0))<>"")<>0),ROUNDUP(COLUMNS($L7:N7)/2,0))),_xlfn.LAMBDA(_xlpm.x,IFERROR(IF(ISNUMBER(MATCH($F7,{"百首","狮鹫","契约者"},0)),1+SUM(IFERROR(BUFF层数乘数*VLOOKUP(BUFF,BUFF表[],MATCH("MOD属性",BUFF表[#Headers],0),0),0)),1)*MIN(1,($J7+1)/IF($G7="金",11,IF($G7="绿",4,6)))*_xlpm.x,_xlpm.x))),"")} -> 0.85512 | P7: {=IFERROR(INDEX(角色MOD表[#Headers],SMALL(_xlfn._xlws.FILTER(COLUMN(_xlfn.DROP(INDEX(角色MOD表[],MATCH($E7,角色MOD表[名称],0),),,MATCH("耐受",角色MOD表[#Headers],0)))*(_xlfn.DROP(INDEX(角色MOD表[],MATCH($E7,角色MOD表[名称],0),),,6)<>""),COLUMN(_xlfn.DROP(INDEX(角色MOD表[],MATCH($E7,角色MOD表[名称],0),),,MATCH("耐受",角色MOD表[#Headers],0)))*(_xlfn.DROP(INDEX(角色MOD表[],MATCH($E7,角色MOD表[名称],0),),,6)<>"")<>0),ROUNDUP(COLUMNS($L7:P7)/2,0))),"")} -> 防御 | Q7: {=IFERROR(_xlfn.MAP(INDEX(INDEX(角色MOD表[],MATCH($E7,角色MOD表[名称],0),),SMALL(_xlfn._xlws.FILTER(COLUMN(_xlfn.DROP(INDEX(角色MOD表[],MATCH($E7,角色MOD表[名称],0),),,MATCH("耐受",角色MOD表[#Headers],0)))*(_xlfn.DROP(INDEX(角色MOD表[],MATCH($E7,角色MOD表[名称],0),),,MATCH("耐受",角色MOD表[#Headers],0))<>""),COLUMN(_xlfn.DROP(INDEX(角色MOD表[],MATCH($E7,角色MOD表[名称],0),),,MATCH("耐受",角色MOD表[#Headers],0)))*(_xlfn.DROP(INDEX(角色MOD表[],MATCH($E7,角色MOD表[名称],0),),,MATCH("耐受",角色MOD表[#Headers],0))<>"")<>0),ROUNDUP(COLUMNS($L7:P7)/2,0))),_xlfn.LAMBDA(_xlpm.x,IFERROR(IF(ISNUMBER(MATCH($F7,{"百首","狮鹫","契约者"},0)),1+SUM(IFERROR(BUFF层数乘数*VLOOKUP(BUFF,BUFF表[],MATCH("MOD属性",BUFF表[#Headers],0),0),0)),1)*MIN(1,($J7+1)/IF($G7="金",11,IF($G7="绿",4,6)))*_xlpm.x,_xlpm.x))),"")} -> 0.85512 | R7: {=IFERROR(INDEX(角色MOD表[#Headers],SMALL(_xlfn._xlws.FILTER(COLUMN(_xlfn.DROP(INDEX(角色MOD表[],MATCH($E7,角色MOD表[名称],0),),,MATCH("耐受",角色MOD表[#Headers],0)))*(_xlfn.DROP(INDEX(角色MOD表[],MATCH($E7,角色MOD表[名称],0),),,6)<>""),COLUMN(_xlfn.DROP(INDEX(角色MOD表[],MATCH($E7,角色MOD表[名称],0),),,MATCH("耐受",角色MOD表[#Headers],0)))*(_xlfn.DROP(INDEX(角色MOD表[],MATCH($E7,角色MOD表[名称],0),),,6)<>"")<>0),ROUNDUP(COLUMNS($L7:R7)/2,0))),"")} -> 背水 | S7: {=IFERROR(_xlfn.MAP(INDEX(INDEX(角色MOD表[],MATCH($E7,角色MOD表[名称],0),),SMALL(_xlfn._xlws.FILTER(COLUMN(_xlfn.DROP(INDEX(角色MOD表[],MATCH($E7,角色MOD表[名称],0),),,MATCH("耐受",角色MOD表[#Headers],0)))*(_xlfn.DROP(INDEX(角色MOD表[],MATCH($E7,角色MOD表[名称],0),),,MATCH("耐受",角色MOD表[#Headers],0))<>""),COLUMN(_xlfn.DROP(INDEX(角色MOD表[],MATCH($E7,角色MOD表[名称],0),),,MATCH("耐受",角色MOD表[#Headers],0)))*(_xlfn.DROP(INDEX(角色MOD表[],MATCH($E7,角色MOD表[名称],0),),,MATCH("耐受",角色MOD表[#Headers],0))<>"")<>0),ROUNDUP(COLUMNS($L7:R7)/2,0))),_xlfn.LAMBDA(_xlpm.x,IFERROR(IF(ISNUMBER(MATCH($F7,{"百首","狮鹫","契约者"},0)),1+SUM(IFERROR(BUFF层数乘数*VLOOKUP(BUFF,BUFF表[],MATCH("MOD属性",BUFF表[#Headers],0),0),0)),1)*MIN(1,($J7+1)/IF($G7="金",11,IF($G7="绿",4,6)))*_xlpm.x,_xlpm.x))),"")} -> 0.06108 | T7: {=X7*SUM(B$24*U7,B$26*V7,B$25*W7,B$27)*昂扬背水乘区(AB7,AC7)*SUM(1,AD7,AE7)*(1-敌方抗性+AF7)*(1+AG7)/IF($A$39="DPMP",ROUNDUP($B$30*(2-Z7),0),1)/IF($A$39="DPSMP",ROUNDUP($B$31*MAX(0.25,(2-Z7)/Y7),0),1)*防御乘区(AH7)} -> 777426.76 | U7: {=删MOD取角色属性(U$6,ROWS($J$7:$J7))*(1+删MOD取角色属性("属性伤",ROWS($J$7:$J7)))} -> 5680.7577 | V7: {=删MOD取角色属性(V$6,ROWS($J$7:$J7))} -> 2637 | W7: {=删MOD取角色属性(W$6,ROWS($J$7:$J7))} -> 756 | X7: {=删MOD取角色属性(X$6,ROWS($J$7:$J7))} -> 8.01554 | Y7: {=删MOD取角色属性(Y$6,ROWS($J$7:$J7))} -> 1.2 | Z7: {=删MOD取角色属性(Z$6,ROWS($J$7:$J7))} -> 0 | AA7: {=删MOD取角色属性(AA$6,ROWS($J$7:$J7))} -> 1.33594 | AB7: {=删MOD取角色属性(AB$6,ROWS($J$7:$J7))} -> 0 | AC7: {=删MOD取角色属性(AC$6,ROWS($J$7:$J7))} -> 0.769 | ... AH7: {=删MOD取角色属性(AH$6,ROWS($J$7:$J7))} -> 0 | AV7: 凛风·极昼 | AW7: 盛怒 | AX7: 盛怒 | AZ7: 腐草为萤(Q) | BD7: 暗 | BE7: 虚妄献察 | BF7: 炽灭 | BG7: 炽灼·昂扬 | BH7: 炽灼·权能 | BI7: 坚守·鼓舞 | BJ7: 6 | BK7: 7 | BM7: 6 | BN7: 7 | BT7: 6 | BU7: 6 | BV7: 6 | BX7: 6
A8: 生命 | B8: {=VLOOKUP($B$3,角色表[],MATCH("基础"&A8,角色表[#Headers],0),0)*IFERROR(INDEX({0.07967,0.2063,0.3021,0.4137,0.5291,0.6826,0.8136,1},,ROUNDUP($F$3/10,0)),1)} -> 879 | C8: {=取角色总属性(A8)} -> 3388.6505 | D8: =(B$39-T8)/T8 -> 0.3884694 | E8: 凛风·燎原 | F8: =IFERROR(VLOOKUP($E8,角色MOD表[],MATCH(F$6,角色MOD表[#Headers],0),0),"") -> 狮鹫 | G8: =IFERROR(VLOOKUP($E8,角色MOD表[],MATCH(G$6,角色MOD表[#Headers],0),0),"") -> 金 | H8: =IFERROR(VLOOKUP($E8,角色MOD表[],MATCH(H$6,角色MOD表[#Headers],0),0),"")&"" -> V | I8: =IF(AND(K8<>"",H8<>""),ROUNDUP(IF(H8=K8,IFERROR(VLOOKUP($E8,角色MOD表[],6,0)+$J8-IF($G8="金",10,IF($G8="绿",3,5)),0)/2,IFERROR(VLOOKUP($E8,角色MOD表[],6,0)+$J8-IF($G8="金",10,IF($G8="绿",3,5)),0)*1.5),0),IFERROR(VLOOKUP($E8,角色MOD表[],6,0)+$J8-IF($G8="金",10,IF($G8="绿",3,5)),0)) -> 25 | J8: 10 | L8: {=IFERROR(INDEX(角色MOD表[#Headers],SMALL(_xlfn._xlws.FILTER(COLUMN(_xlfn.DROP(INDEX(角色MOD表[],MATCH($E8,角色MOD表[名称],0),),,MATCH("耐受",角色MOD表[#Headers],0)))*(_xlfn.DROP(INDEX(角色MOD表[],MATCH($E8,角色MOD表[名称],0),),,6)<>""),COLUMN(_xlfn.DROP(INDEX(角色MOD表[],MATCH($E8,角色MOD表[名称],0),),,MATCH("耐受",角色MOD表[#Headers],0)))*(_xlfn.DROP(INDEX(角色MOD表[],MATCH($E8,角色MOD表[名称],0),),,6)<>"")<>0),ROUNDUP(COLUMNS($L8:L8)/2,0))),"")} -> 威力 | M8: {=IFERROR(_xlfn.MAP(INDEX(INDEX(角色MOD表[],MATCH($E8,角色MOD表[名称],0),),SMALL(_xlfn._xlws.FILTER(COLUMN(_xlfn.DROP(INDEX(角色MOD表[],MATCH($E8,角色MOD表[名称],0),),,MATCH("耐受",角色MOD表[#Headers],0)))*(_xlfn.DROP(INDEX(角色MOD表[],MATCH($E8,角色MOD表[名称],0),),,MATCH("耐受",角色MOD表[#Headers],0))<>""),COLUMN(_xlfn.DROP(INDEX(角色MOD表[],MATCH($E8,角色MOD表[名称],0),),,MATCH("耐受",角色MOD表[#Headers],0)))*(_xlfn.DROP(INDEX(角色MOD表[],MATCH($E8,角色MOD表[名称],0),),,MATCH("耐受",角色MOD表[#Headers],0))<>"")<>0),ROUNDUP(COLUMNS($L8:L8)/2,0))),_xlfn.LAMBDA(_xlpm.x,IFERROR(IF(ISNUMBER(MATCH($F8,{"百首","狮鹫","契约者"},0)),1+SUM(IFERROR(BUFF层数乘数*VLOOKUP(BUFF,BUFF表[],MATCH("MOD属性",BUFF表[#Headers],0),0),0)),1)*MIN(1,($J8+1)/IF($G8="金",11,IF($G8="绿",4,6)))*_xlpm.x,_xlpm.x))),"")} -> 0.33594 | N8: {=IFERROR(INDEX(角色MOD表[#Headers],SMALL(_xlfn._xlws.FILTER(COLUMN(_xlfn.DROP(INDEX(角色MOD表[],MATCH($E8,角色MOD表[名称],0),),,MATCH("耐受",角色MOD表[#Headers],0)))*(_xlfn.DROP(INDEX(角色MOD表[],MATCH($E8,角色MOD表[名称],0),),,6)<>""),COLUMN(_xlfn.DROP(INDEX(角色MOD表[],MATCH($E8,角色MOD表[名称],0),),,MATCH("耐受",角色MOD表[#Headers],0)))*(_xlfn.DROP(INDEX(角色MOD表[],MATCH($E8,角色MOD表[名称],0),),,6)<>"")<>0),ROUNDUP(COLUMNS($L8:N8)/2,0))),"")} -> 范围 | O8: {=IFERROR(_xlfn.MAP(INDEX(INDEX(角色MOD表[],MATCH($E8,角色MOD表[名称],0),),SMALL(_xlfn._xlws.FILTER(COLUMN(_xlfn.DROP(INDEX(角色MOD表[],MATCH($E8,角色MOD表[名称],0),),,MATCH("耐受",角色MOD表[#Headers],0)))*(_xlfn.DROP(INDEX(角色MOD表[],MATCH($E8,角色MOD表[名称],0),),,MATCH("耐受",角色MOD表[#Headers],0))<>""),COLUMN(_xlfn.DROP(INDEX(角色MOD表[],MATCH($E8,角色MOD表[名称],0),),,MATCH("耐受",角色MOD表[#Headers],0)))*(_xlfn.DROP(INDEX(角色MOD表[],MATCH($E8,角色MOD表[名称],0),),,MATCH("耐受",角色MOD表[#Headers],0))<>"")<>0),ROUNDUP(COLUMNS($L8:N8)/2,0))),_xlfn.LAMBDA(_xlpm.x,IFERROR(IF(ISNUMBER(MATCH($F8,{"百首","狮鹫","契约者"},0)),1+SUM(IFERROR(BUFF层数乘数*VLOOKUP(BUFF,BUFF表[],MATCH("MOD属性",BUFF表[#Headers],0),0),0)),1)*MIN(1,($J8+1)/IF($G8="金",11,IF($G8="绿",4,6)))*_xlpm.x,_xlpm.x))),"")} -> 0.33594 | P8: {=IFERROR(INDEX(角色MOD表[#Headers],SMALL(_xlfn._xlws.FILTER(COLUMN(_xlfn.DROP(INDEX(角色MOD表[],MATCH($E8,角色MOD表[名称],0),),,MATCH("耐受",角色MOD表[#Headers],0)))*(_xlfn.DROP(INDEX(角色MOD表[],MATCH($E8,角色MOD表[名称],0),),,6)<>""),COLUMN(_xlfn.DROP(INDEX(角色MOD表[],MATCH($E8,角色MOD表[名称],0),),,MATCH("耐受",角色MOD表[#Headers],0)))*(_xlfn.DROP(INDEX(角色MOD表[],MATCH($E8,角色MOD表[名称],0),),,6)<>"")<>0),ROUNDUP(COLUMNS($L8:P8)/2,0))),"")} -> 属性伤 | Q8: {=IFERROR(_xlfn.MAP(INDEX(INDEX(角色MOD表[],MATCH($E8,角色MOD表[名称],0),),SMALL(_xlfn._xlws.FILTER(COLUMN(_xlfn.DROP(INDEX(角色MOD表[],MATCH($E8,角色MOD表[名称],0),),,MATCH("耐受",角色MOD表[#Headers],0)))*(_xlfn.DROP(INDEX(角色MOD表[],MATCH($E8,角色MOD表[名称],0),),,MATCH("耐受",角色MOD表[#Headers],0))<>""),COLUMN(_xlfn.DROP(INDEX(角色MOD表[],MATCH($E8,角色MOD表[名称],0),),,MATCH("耐受",角色MOD表[#Headers],0)))*(_xlfn.DROP(INDEX(角色MOD表[],MATCH($E8,角色MOD表[名称],0),),,MATCH("耐受",角色MOD表[#Headers],0))<>"")<>0),ROUNDUP(COLUMNS($L8:P8)/2,0))),_xlfn.LAMBDA(_xlpm.x,IFERROR(IF(ISNUMBER(MATCH($F8,{"百首","狮鹫","契约者"},0)),1+SUM(IFERROR(BUFF层数乘数*VLOOKUP(BUFF,BUFF表[],MATCH("MOD属性",BUFF表[#Headers],0),0),0)),1)*MIN(1,($J8+1)/IF($G8="金",11,IF($G8="绿",4,6)))*_xlpm.x,_xlpm.x))),"")} -> 0.33594 | R8: {=IFERROR(INDEX(角色MOD表[#Headers],SMALL(_xlfn._xlws.FILTER(COLUMN(_xlfn.DROP(INDEX(角色MOD表[],MATCH($E8,角色MOD表[名称],0),),,MATCH("耐受",角色MOD表[#Headers],0)))*(_xlfn.DROP(INDEX(角色MOD表[],MATCH($E8,角色MOD表[名称],0),),,6)<>""),COLUMN(_xlfn.DROP(INDEX(角色MOD表[],MATCH($E8,角色MOD表[名称],0),),,MATCH("耐受",角色MOD表[#Headers],0)))*(_xlfn.DROP(INDEX(角色MOD表[],MATCH($E8,角色MOD表[名称],0),),,6)<>"")<>0),ROUNDUP(COLUMNS($L8:R8)/2,0))),"")} | S8: {=IFERROR(_xlfn.MAP(INDEX(INDEX(角色MOD表[],MATCH($E8,角色MOD表[名称],0),),SMALL(_xlfn._xlws.FILTER(COLUMN(_xlfn.DROP(INDEX(角色MOD表[],MATCH($E8,角色MOD表[名称],0),),,MATCH("耐受",角色MOD表[#Headers],0)))*(_xlfn.DROP(INDEX(角色MOD表[],MATCH($E8,角色MOD表[名称],0),),,MATCH("耐受",角色MOD表[#Headers],0))<>""),COLUMN(_xlfn.DROP(INDEX(角色MOD表[],MATCH($E8,角色MOD表[名称],0),),,MATCH("耐受",角色MOD表[#Headers],0)))*(_xlfn.DROP(INDEX(角色MOD表[],MATCH($E8,角色MOD表[名称],0),),,MATCH("耐受",角色MOD表[#Headers],0))<>"")<>0),ROUNDUP(COLUMNS($L8:R8)/2,0))),_xlfn.LAMBDA(_xlpm.x,IFERROR(IF(ISNUMBER(MATCH($F8,{"百首","狮鹫","契约者"},0)),1+SUM(IFERROR(BUFF层数乘数*VLOOKUP(BUFF,BUFF表[],MATCH("MOD属性",BUFF表[#Headers],0),0),0)),1)*MIN(1,($J8+1)/IF($G8="金",11,IF($G8="绿",4,6)))*_xlpm.x,_xlpm.x))),"")} | T8: {=X8*SUM(B$24*U8,B$26*V8,B$25*W8,B$27)*昂扬背水乘区(AB8,AC8)*SUM(1,AD8,AE8)*(1-敌方抗性+AF8)*(1+AG8)/IF($A$39="DPMP",ROUNDUP($B$30*(2-Z8),0),1)/IF($A$39="DPSMP",ROUNDUP($B$31*MAX(0.25,(2-Z8)/Y8),0),1)*防御乘区(AH8)} -> 636351.66 | U8: {=删MOD取角色属性(U$6,ROWS($J$7:$J8))*(1+删MOD取角色属性("属性伤",ROWS($J$7:$J8)))} -> 4583.0207 | V8: {=删MOD取角色属性(V$6,ROWS($J$7:$J8))} -> 3388.6505 | W8: {=删MOD取角色属性(W$6,ROWS($J$7:$J8))} -> 971.49024 | X8: {=删MOD取角色属性(X$6,ROWS($J$7:$J8))} -> 7.6796 | Y8: {=删MOD取角色属性(Y$6,ROWS($J$7:$J8))} -> 1.2 | Z8: {=删MOD取角色属性(Z$6,ROWS($J$7:$J8))} -> 0 | AA8: {=删MOD取角色属性(AA$6,ROWS($J$7:$J8))} -> 1 | AB8: {=删MOD取角色属性(AB$6,ROWS($J$7:$J8))} -> 0 | AC8: {=删MOD取角色属性(AC$6,ROWS($J$7:$J8))} -> 0.83008 | ... AH8: {=删MOD取角色属性(AH$6,ROWS($J$7:$J8))} -> 0 | AV8: 凛风·燎原 | AW8: 缠缚 | AX8: 缠缚 | BJ8: 7 | BK8: 8 | BM8: 7 | BN8: 8 | BT8: 7 | BU8: 7 | BV8: 7 | BX8: 7
A9: 护盾 | B9: {=VLOOKUP($B$3,角色表[],MATCH("基础"&A9,角色表[#Headers],0),0)*IFERROR(INDEX({0.07967,0.2063,0.3021,0.4137,0.5291,0.6826,0.8136,1},,ROUNDUP($F$3/10,0)),1)} -> 1757 | C9: {=取角色总属性(A9)} -> 5271 | D9: =(B$39-T9)/T9 -> 0.36267096 | E9: 薰风吐息(触发) | F9: =IFERROR(VLOOKUP($E9,角色MOD表[],MATCH(F$6,角色MOD表[#Headers],0),0),"") | G9: =IFERROR(VLOOKUP($E9,角色MOD表[],MATCH(G$6,角色MOD表[#Headers],0),0),"") | H9: =IFERROR(VLOOKUP($E9,角色MOD表[],MATCH(H$6,角色MOD表[#Headers],0),0),"")&"" | I9: =IF(AND(K9<>"",H9<>""),ROUNDUP(IF(H9=K9,IFERROR(VLOOKUP($E9,角色MOD表[],6,0)+$J9-IF($G9="金",10,IF($G9="绿",3,5)),0)/2,IFERROR(VLOOKUP($E9,角色MOD表[],6,0)+$J9-IF($G9="金",10,IF($G9="绿",3,5)),0)*1.5),0),IFERROR(VLOOKUP($E9,角色MOD表[],6,0)+$J9-IF($G9="金",10,IF($G9="绿",3,5)),0)) -> 0 | J9: 10 | L9: {=IFERROR(INDEX(角色MOD表[#Headers],SMALL(_xlfn._xlws.FILTER(COLUMN(_xlfn.DROP(INDEX(角色MOD表[],MATCH($E9,角色MOD表[名称],0),),,MATCH("耐受",角色MOD表[#Headers],0)))*(_xlfn.DROP(INDEX(角色MOD表[],MATCH($E9,角色MOD表[名称],0),),,6)<>""),COLUMN(_xlfn.DROP(INDEX(角色MOD表[],MATCH($E9,角色MOD表[名称],0),),,MATCH("耐受",角色MOD表[#Headers],0)))*(_xlfn.DROP(INDEX(角色MOD表[],MATCH($E9,角色MOD表[名称],0),),,6)<>"")<>0),ROUNDUP(COLUMNS($L9:L9)/2,0))),"")} | M9: {=IFERROR(_xlfn.MAP(INDEX(INDEX(角色MOD表[],MATCH($E9,角色MOD表[名称],0),),SMALL(_xlfn._xlws.FILTER(COLUMN(_xlfn.DROP(INDEX(角色MOD表[],MATCH($E9,角色MOD表[名称],0),),,MATCH("耐受",角色MOD表[#Headers],0)))*(_xlfn.DROP(INDEX(角色MOD表[],MATCH($E9,角色MOD表[名称],0),),,MATCH("耐受",角色MOD表[#Headers],0))<>""),COLUMN(_xlfn.DROP(INDEX(角色MOD表[],MATCH($E9,角色MOD表[名称],0),),,MATCH("耐受",角色MOD表[#Headers],0)))*(_xlfn.DROP(INDEX(角色MOD表[],MATCH($E9,角色MOD表[名称],0),),,MATCH("耐受",角色MOD表[#Headers],0))<>"")<>0),ROUNDUP(COLUMNS($L9:L9)/2,0))),_xlfn.LAMBDA(_xlpm.x,IFERROR(IF(ISNUMBER(MATCH($F9,{"百首","狮鹫","契约者"},0)),1+SUM(IFERROR(BUFF层数乘数*VLOOKUP(BUFF,BUFF表[],MATCH("MOD属性",BUFF表[#Headers],0),0),0)),1)*MIN(1,($J9+1)/IF($G9="金",11,IF($G9="绿",4,6)))*_xlpm.x,_xlpm.x))),"")} | N9: {=IFERROR(INDEX(角色MOD表[#Headers],SMALL(_xlfn._xlws.FILTER(COLUMN(_xlfn.DROP(INDEX(角色MOD表[],MATCH($E9,角色MOD表[名称],0),),,MATCH("耐受",角色MOD表[#Headers],0)))*(_xlfn.DROP(INDEX(角色MOD表[],MATCH($E9,角色MOD表[名称],0),),,6)<>""),COLUMN(_xlfn.DROP(INDEX(角色MOD表[],MATCH($E9,角色MOD表[名称],0),),,MATCH("耐受",角色MOD表[#Headers],0)))*(_xlfn.DROP(INDEX(角色MOD表[],MATCH($E9,角色MOD表[名称],0),),,6)<>"")<>0),ROUNDUP(COLUMNS($L9:N9)/2,0))),"")} | O9: {=IFERROR(_xlfn.MAP(INDEX(INDEX(角色MOD表[],MATCH($E9,角色MOD表[名称],0),),SMALL(_xlfn._xlws.FILTER(COLUMN(_xlfn.DROP(INDEX(角色MOD表[],MATCH($E9,角色MOD表[名称],0),),,MATCH("耐受",角色MOD表[#Headers],0)))*(_xlfn.DROP(INDEX(角色MOD表[],MATCH($E9,角色MOD表[名称],0),),,MATCH("耐受",角色MOD表[#Headers],0))<>""),COLUMN(_xlfn.DROP(INDEX(角色MOD表[],MATCH($E9,角色MOD表[名称],0),),,MATCH("耐受",角色MOD表[#Headers],0)))*(_xlfn.DROP(INDEX(角色MOD表[],MATCH($E9,角色MOD表[名称],0),),,MATCH("耐受",角色MOD表[#Headers],0))<>"")<>0),ROUNDUP(COLUMNS($L9:N9)/2,0))),_xlfn.LAMBDA(_xlpm.x,IFERROR(IF(ISNUMBER(MATCH($F9,{"百首","狮鹫","契约者"},0)),1+SUM(IFERROR(BUFF层数乘数*VLOOKUP(BUFF,BUFF表[],MATCH("MOD属性",BUFF表[#Headers],0),0),0)),1)*MIN(1,($J9+1)/IF($G9="金",11,IF($G9="绿",4,6)))*_xlpm.x,_xlpm.x))),"")} | P9: {=IFERROR(INDEX(角色MOD表[#Headers],SMALL(_xlfn._xlws.FILTER(COLUMN(_xlfn.DROP(INDEX(角色MOD表[],MATCH($E9,角色MOD表[名称],0),),,MATCH("耐受",角色MOD表[#Headers],0)))*(_xlfn.DROP(INDEX(角色MOD表[],MATCH($E9,角色MOD表[名称],0),),,6)<>""),COLUMN(_xlfn.DROP(INDEX(角色MOD表[],MATCH($E9,角色MOD表[名称],0),),,MATCH("耐受",角色MOD表[#Headers],0)))*(_xlfn.DROP(INDEX(角色MOD表[],MATCH($E9,角色MOD表[名称],0),),,6)<>"")<>0),ROUNDUP(COLUMNS($L9:P9)/2,0))),"")} | Q9: {=IFERROR(_xlfn.MAP(INDEX(INDEX(角色MOD表[],MATCH($E9,角色MOD表[名称],0),),SMALL(_xlfn._xlws.FILTER(COLUMN(_xlfn.DROP(INDEX(角色MOD表[],MATCH($E9,角色MOD表[名称],0),),,MATCH("耐受",角色MOD表[#Headers],0)))*(_xlfn.DROP(INDEX(角色MOD表[],MATCH($E9,角色MOD表[名称],0),),,MATCH("耐受",角色MOD表[#Headers],0))<>""),COLUMN(_xlfn.DROP(INDEX(角色MOD表[],MATCH($E9,角色MOD表[名称],0),),,MATCH("耐受",角色MOD表[#Headers],0)))*(_xlfn.DROP(INDEX(角色MOD表[],MATCH($E9,角色MOD表[名称],0),),,MATCH("耐受",角色MOD表[#Headers],0))<>"")<>0),ROUNDUP(COLUMNS($L9:P9)/2,0))),_xlfn.LAMBDA(_xlpm.x,IFERROR(IF(ISNUMBER(MATCH($F9,{"百首","狮鹫","契约者"},0)),1+SUM(IFERROR(BUFF层数乘数*VLOOKUP(BUFF,BUFF表[],MATCH("MOD属性",BUFF表[#Headers],0),0),0)),1)*MIN(1,($J9+1)/IF($G9="金",11,IF($G9="绿",4,6)))*_xlpm.x,_xlpm.x))),"")} | R9: {=IFERROR(INDEX(角色MOD表[#Headers],SMALL(_xlfn._xlws.FILTER(COLUMN(_xlfn.DROP(INDEX(角色MOD表[],MATCH($E9,角色MOD表[名称],0),),,MATCH("耐受",角色MOD表[#Headers],0)))*(_xlfn.DROP(INDEX(角色MOD表[],MATCH($E9,角色MOD表[名称],0),),,6)<>""),COLUMN(_xlfn.DROP(INDEX(角色MOD表[],MATCH($E9,角色MOD表[名称],0),),,MATCH("耐受",角色MOD表[#Headers],0)))*(_xlfn.DROP(INDEX(角色MOD表[],MATCH($E9,角色MOD表[名称],0),),,6)<>"")<>0),ROUNDUP(COLUMNS($L9:R9)/2,0))),"")} | S9: {=IFERROR(_xlfn.MAP(INDEX(INDEX(角色MOD表[],MATCH($E9,角色MOD表[名称],0),),SMALL(_xlfn._xlws.FILTER(COLUMN(_xlfn.DROP(INDEX(角色MOD表[],MATCH($E9,角色MOD表[名称],0),),,MATCH("耐受",角色MOD表[#Headers],0)))*(_xlfn.DROP(INDEX(角色MOD表[],MATCH($E9,角色MOD表[名称],0),),,MATCH("耐受",角色MOD表[#Headers],0))<>""),COLUMN(_xlfn.DROP(INDEX(角色MOD表[],MATCH($E9,角色MOD表[名称],0),),,MATCH("耐受",角色MOD表[#Headers],0)))*(_xlfn.DROP(INDEX(角色MOD表[],MATCH($E9,角色MOD表[名称],0),),,MATCH("耐受",角色MOD表[#Headers],0))<>"")<>0),ROUNDUP(COLUMNS($L9:R9)/2,0))),_xlfn.LAMBDA(_xlpm.x,IFERROR(IF(ISNUMBER(MATCH($F9,{"百首","狮鹫","契约者"},0)),1+SUM(IFERROR(BUFF层数乘数*VLOOKUP(BUFF,BUFF表[],MATCH("MOD属性",BUFF表[#Headers],0),0),0)),1)*MIN(1,($J9+1)/IF($G9="金",11,IF($G9="绿",4,6)))*_xlpm.x,_xlpm.x))),"")} | T9: {=X9*SUM(B$24*U9,B$26*V9,B$25*W9,B$27)*昂扬背水乘区(AB9,AC9)*SUM(1,AD9,AE9)*(1-敌方抗性+AF9)*(1+AG9)/IF($A$39="DPMP",ROUNDUP($B$30*(2-Z9),0),1)/IF($A$39="DPSMP",ROUNDUP($B$31*MAX(0.25,(2-Z9)/Y9),0),1)*防御乘区(AH9)} -> 648399.23 | U9: {=删MOD取角色属性(U$6,ROWS($J$7:$J9))*(1+删MOD取角色属性("属性伤",ROWS($J$7:$J9)))} -> 6052.1237 | V9: {=删MOD取角色属性(V$6,ROWS($J$7:$J9))} -> 3388.6505 | W9: {=删MOD取角色属性(W$6,ROWS($J$7:$J9))} -> 971.49024 | X9: {=删MOD取角色属性(X$6,ROWS($J$7:$J9))} -> 5.92554 | Y9: {=删MOD取角色属性(Y$6,ROWS($J$7:$J9))} -> 1.2 | Z9: {=删MOD取角色属性(Z$6,ROWS($J$7:$J9))} -> 0 | AA9: {=删MOD取角色属性(AA$6,ROWS($J$7:$J9))} -> 1.33594 | AB9: {=删MOD取角色属性(AB$6,ROWS($J$7:$J9))} -> 0 | AC9: {=删MOD取角色属性(AC$6,ROWS($J$7:$J9))} -> 0.83008 | ... AH9: {=删MOD取角色属性(AH$6,ROWS($J$7:$J9))} -> 0 | AV9: 全盛·昂扬 | AW9: 攻势·专注 | AX9: 攻势·专注 | BJ9: 8 | BK9: 9 | BM9: 8 | BN9: 9 | BT9: 8 | BU9: 8 | BV9: 8 | BX9: 8
A10: 防御 | B10: {=VLOOKUP($B$3,角色表[],MATCH("基础"&A10,角色表[#Headers],0),0)*IFERROR(INDEX({0.07967,0.2063,0.3021,0.4137,0.5291,0.6826,0.8136,1},,ROUNDUP($F$3/10,0)),1)} -> 252 | C10: {=取角色总属性(A10)} -> 948.402 | D10: =(B$39-T10)/T10 -> 0.14976834 | E10: 炽灼·决断 | F10: =IFERROR(VLOOKUP($E10,角色MOD表[],MATCH(F$6,角色MOD表[#Headers],0),0),"") -> 契约者 | G10: =IFERROR(VLOOKUP($E10,角色MOD表[],MATCH(G$6,角色MOD表[#Headers],0),0),"") -> 金 | H10: =IFERROR(VLOOKUP($E10,角色MOD表[],MATCH(H$6,角色MOD表[#Headers],0),0),"")&"" -> V | I10: =IF(AND(K10<>"",H10<>""),ROUNDUP(IF(H10=K10,IFERROR(VLOOKUP($E10,角色MOD表[],6,0)+$J10-IF($G10="金",10,IF($G10="绿",3,5)),0)/2,IFERROR(VLOOKUP($E10,角色MOD表[],6,0)+$J10-IF($G10="金",10,IF($G10="绿",3,5)),0)*1.5),0),IFERROR(VLOOKUP($E10,角色MOD表[],6,0)+$J10-IF($G10="金",10,IF($G10="绿",3,5)),0)) -> 20 | J10: 10 | L10: {=IFERROR(INDEX(角色MOD表[#Headers],SMALL(_xlfn._xlws.FILTER(COLUMN(_xlfn.DROP(INDEX(角色MOD表[],MATCH($E10,角色MOD表[名称],0),),,MATCH("耐受",角色MOD表[#Headers],0)))*(_xlfn.DROP(INDEX(角色MOD表[],MATCH($E10,角色MOD表[名称],0),),,6)<>""),COLUMN(_xlfn.DROP(INDEX(角色MOD表[],MATCH($E10,角色MOD表[名称],0),),,MATCH("耐受",角色MOD表[#Headers],0)))*(_xlfn.DROP(INDEX(角色MOD表[],MATCH($E10,角色MOD表[名称],0),),,6)<>"")<>0),ROUNDUP(COLUMNS($L10:L10)/2,0))),"")} -> 威力 | M10: {=IFERROR(_xlfn.MAP(INDEX(INDEX(角色MOD表[],MATCH($E10,角色MOD表[名称],0),),SMALL(_xlfn._xlws.FILTER(COLUMN(_xlfn.DROP(INDEX(角色MOD表[],MATCH($E10,角色MOD表[名称],0),),,MATCH("耐受",角色MOD表[#Headers],0)))*(_xlfn.DROP(INDEX(角色MOD表[],MATCH($E10,角色MOD表[名称],0),),,MATCH("耐受",角色MOD表[#Headers],0))<>""),COLUMN(_xlfn.DROP(INDEX(角色MOD表[],MATCH($E10,角色MOD表[名称],0),),,MATCH("耐受",角色MOD表[#Headers],0)))*(_xlfn.DROP(INDEX(角色MOD表[],MATCH($E10,角色MOD表[名称],0),),,MATCH("耐受",角色MOD表[#Headers],0))<>"")<>0),ROUNDUP(COLUMNS($L10:L10)/2,0))),_xlfn.LAMBDA(_xlpm.x,IFERROR(IF(ISNUMBER(MATCH($F10,{"百首","狮鹫","契约者"},0)),1+SUM(IFERROR(BUFF层数乘数*VLOOKUP(BUFF,BUFF表[],MATCH("MOD属性",BUFF表[#Headers],0),0),0)),1)*MIN(1,($J10+1)/IF($G10="金",11,IF($G10="绿",4,6)))*_xlpm.x,_xlpm.x))),"")} -> 0.44792 | N10: {=IFERROR(INDEX(角色MOD表[#Headers],SMALL(_xlfn._xlws.FILTER(COLUMN(_xlfn.DROP(INDEX(角色MOD表[],MATCH($E10,角色MOD表[名称],0),),,MATCH("耐受",角色MOD表[#Headers],0)))*(_xlfn.DROP(INDEX(角色MOD表[],MATCH($E10,角色MOD表[名称],0),),,6)<>""),COLUMN(_xlfn.DROP(INDEX(角色MOD表[],MATCH($E10,角色MOD表[名称],0),),,MATCH("耐受",角色MOD表[#Headers],0)))*(_xlfn.DROP(INDEX(角色MOD表[],MATCH($E10,角色MOD表[名称],0),),,6)<>"")<>0),ROUNDUP(COLUMNS($L10:N10)/2,0))),"")} -> 攻击 | O10: {=IFERROR(_xlfn.MAP(INDEX(INDEX(角色MOD表[],MATCH($E10,角色MOD表[名称],0),),SMALL(_xlfn._xlws.FILTER(COLUMN(_xlfn.DROP(INDEX(角色MOD表[],MATCH($E10,角色MOD表[名称],0),),,MATCH("耐受",角色MOD表[#Headers],0)))*(_xlfn.DROP(INDEX(角色MOD表[],MATCH($E10,角色MOD表[名称],0),),,MATCH("耐受",角色MOD表[#Headers],0))<>""),COLUMN(_xlfn.DROP(INDEX(角色MOD表[],MATCH($E10,角色MOD表[名称],0),),,MATCH("耐受",角色MOD表[#Headers],0)))*(_xlfn.DROP(INDEX(角色MOD表[],MATCH($E10,角色MOD表[名称],0),),,MATCH("耐受",角色MOD表[#Headers],0))<>"")<>0),ROUNDUP(COLUMNS($L10:N10)/2,0))),_xlfn.LAMBDA(_xlpm.x,IFERROR(IF(ISNUMBER(MATCH($F10,{"百首","狮鹫","契约者"},0)),1+SUM(IFERROR(BUFF层数乘数*VLOOKUP(BUFF,BUFF表[],MATCH("MOD属性",BUFF表[#Headers],0),0),0)),1)*MIN(1,($J10+1)/IF($G10="金",11,IF($G10="绿",4,6)))*_xlpm.x,_xlpm.x))),"")} -> 0.89584 | P10: {=IFERROR(INDEX(角色MOD表[#Headers],SMALL(_xlfn._xlws.FILTER(COLUMN(_xlfn.DROP(INDEX(角色MOD表[],MATCH($E10,角色MOD表[名称],0),),,MATCH("耐受",角色MOD表[#Headers],0)))*(_xlfn.DROP(INDEX(角色MOD表[],MATCH($E10,角色MOD表[名称],0),),,6)<>""),COLUMN(_xlfn.DROP(INDEX(角色MOD表[],MATCH($E10,角色MOD表[名称],0),),,MATCH("耐受",角色MOD表[#Headers],0)))*(_xlfn.DROP(INDEX(角色MOD表[],MATCH($E10,角色MOD表[名称],0),),,6)<>"")<>0),ROUNDUP(COLUMNS($L10:P10)/2,0))),"")} | Q10: {=IFERROR(_xlfn.MAP(INDEX(INDEX(角色MOD表[],MATCH($E10,角色MOD表[名称],0),),SMALL(_xlfn._xlws.FILTER(COLUMN(_xlfn.DROP(INDEX(角色MOD表[],MATCH($E10,角色MOD表[名称],0),),,MATCH("耐受",角色MOD表[#Headers],0)))*(_xlfn.DROP(INDEX(角色MOD表[],MATCH($E10,角色MOD表[名称],0),),,MATCH("耐受",角色MOD表[#Headers],0))<>""),COLUMN(_xlfn.DROP(INDEX(角色MOD表[],MATCH($E10,角色MOD表[名称],0),),,MATCH("耐受",角色MOD表[#Headers],0)))*(_xlfn.DROP(INDEX(角色MOD表[],MATCH($E10,角色MOD表[名称],0),),,MATCH("耐受",角色MOD表[#Headers],0))<>"")<>0),ROUNDUP(COLUMNS($L10:P10)/2,0))),_xlfn.LAMBDA(_xlpm.x,IFERROR(IF(ISNUMBER(MATCH($F10,{"百首","狮鹫","契约者"},0)),1+SUM(IFERROR(BUFF层数乘数*VLOOKUP(BUFF,BUFF表[],MATCH("MOD属性",BUFF表[#Headers],0),0),0)),1)*MIN(1,($J10+1)/IF($G10="金",11,IF($G10="绿",4,6)))*_xlpm.x,_xlpm.x))),"")} | R10: {=IFERROR(INDEX(角色MOD表[#Headers],SMALL(_xlfn._xlws.FILTER(COLUMN(_xlfn.DROP(INDEX(角色MOD表[],MATCH($E10,角色MOD表[名称],0),),,MATCH("耐受",角色MOD表[#Headers],0)))*(_xlfn.DROP(INDEX(角色MOD表[],MATCH($E10,角色MOD表[名称],0),),,6)<>""),COLUMN(_xlfn.DROP(INDEX(角色MOD表[],MATCH($E10,角色MOD表[名称],0),),,MATCH("耐受",角色MOD表[#Headers],0)))*(_xlfn.DROP(INDEX(角色MOD表[],MATCH($E10,角色MOD表[名称],0),),,6)<>"")<>0),ROUNDUP(COLUMNS($L10:R10)/2,0))),"")} | S10: {=IFERROR(_xlfn.MAP(INDEX(INDEX(角色MOD表[],MATCH($E10,角色MOD表[名称],0),),SMALL(_xlfn._xlws.FILTER(COLUMN(_xlfn.DROP(INDEX(角色MOD表[],MATCH($E10,角色MOD表[名称],0),),,MATCH("耐受",角色MOD表[#Headers],0)))*(_xlfn.DROP(INDEX(角色MOD表[],MATCH($E10,角色MOD表[名称],0),),,MATCH("耐受",角色MOD表[#Headers],0))<>""),COLUMN(_xlfn.DROP(INDEX(角色MOD表[],MATCH($E10,角色MOD表[名称],0),),,MATCH("耐受",角色MOD表[#Headers],0)))*(_xlfn.DROP(INDEX(角色MOD表[],MATCH($E10,角色MOD表[名称],0),),,MATCH("耐受",角色MOD表[#Headers],0))<>"")<>0),ROUNDUP(COLUMNS($L10:R10)/2,0))),_xlfn.LAMBDA(_xlpm.x,IFERROR(IF(ISNUMBER(MATCH($F10,{"百首","狮鹫","契约者"},0)),1+SUM(IFERROR(BUFF层数乘数*VLOOKUP(BUFF,BUFF表[],MATCH("MOD属性",BUFF表[#Headers],0),0),0)),1)*MIN(1,($J10+1)/IF($G10="金",11,IF($G10="绿",4,6)))*_xlpm.x,_xlpm.x))),"")} | T10: {=X10*SUM(B$24*U10,B$26*V10,B$25*W10,B$27)*昂扬背水乘区(AB10,AC10)*SUM(1,AD10,AE10)*(1-敌方抗性+AF10)*(1+AG10)/IF($A$39="DPMP",ROUNDUP($B$30*(2-Z10),0),1)/IF($A$39="DPSMP",ROUNDUP($B$31*MAX(0.25,(2-Z10)/Y10),0),1)*防御乘区(AH10)} -> 768463.32 | U10: {=删MOD取角色属性(U$6,ROWS($J$7:$J10))*(1+删MOD取角色属性("属性伤",ROWS($J$7:$J10)))} -> 5616.3875 | V10: {=删MOD取角色属性(V$6,ROWS($J$7:$J10))} -> 3388.6505 | W10: {=删MOD取角色属性(W$6,ROWS($J$7:$J10))} -> 971.49024 | X10: {=删MOD取角色属性(X$6,ROWS($J$7:$J10))} -> 7.56762 | Y10: {=删MOD取角色属性(Y$6,ROWS($J$7:$J10))} -> 1.2 | Z10: {=删MOD取角色属性(Z$6,ROWS($J$7:$J10))} -> 0 | AA10: {=删MOD取角色属性(AA$6,ROWS($J$7:$J10))} -> 1.33594 | AB10: {=删MOD取角色属性(AB$6,ROWS($J$7:$J10))} -> 0 | AC10: {=删MOD取角色属性(AC$6,ROWS($J$7:$J10))} -> 0.83008 | ... AH10: {=删MOD取角色属性(AH$6,ROWS($J$7:$J10))} -> 0 | AV10: 全盛·背水 | AW10: 盛怒·缠缚 | AX10: 盛怒·缠缚 | BJ10: 9 | BK10: 10 | BM10: 9 | BN10: 10 | BT10: 9 | BU10: 9 | BV10: 9 | BX10: 9
A11: 神智 | B11: =VLOOKUP($B$3,角色表[],MATCH("基础"&A11,角色表[#Headers],0),0) -> 150 | C11: {=取角色总属性(A11)} -> 150 | D11: =(B$39-T11)/T11 -> 0.14976834 | E11: 炽灼·决断 | F11: =IFERROR(VLOOKUP($E11,角色MOD表[],MATCH(F$6,角色MOD表[#Headers],0),0),"") -> 契约者 | G11: =IFERROR(VLOOKUP($E11,角色MOD表[],MATCH(G$6,角色MOD表[#Headers],0),0),"") -> 金 | H11: =IFERROR(VLOOKUP($E11,角色MOD表[],MATCH(H$6,角色MOD表[#Headers],0),0),"")&"" -> V | I11: =IF(AND(K11<>"",H11<>""),ROUNDUP(IF(H11=K11,IFERROR(VLOOKUP($E11,角色MOD表[],6,0)+$J11-IF($G11="金",10,IF($G11="绿",3,5)),0)/2,IFERROR(VLOOKUP($E11,角色MOD表[],6,0)+$J11-IF($G11="金",10,IF($G11="绿",3,5)),0)*1.5),0),IFERROR(VLOOKUP($E11,角色MOD表[],6,0)+$J11-IF($G11="金",10,IF($G11="绿",3,5)),0)) -> 20 | J11: 10 | L11: {=IFERROR(INDEX(角色MOD表[#Headers],SMALL(_xlfn._xlws.FILTER(COLUMN(_xlfn.DROP(INDEX(角色MOD表[],MATCH($E11,角色MOD表[名称],0),),,MATCH("耐受",角色MOD表[#Headers],0)))*(_xlfn.DROP(INDEX(角色MOD表[],MATCH($E11,角色MOD表[名称],0),),,6)<>""),COLUMN(_xlfn.DROP(INDEX(角色MOD表[],MATCH($E11,角色MOD表[名称],0),),,MATCH("耐受",角色MOD表[#Headers],0)))*(_xlfn.DROP(INDEX(角色MOD表[],MATCH($E11,角色MOD表[名称],0),),,6)<>"")<>0),ROUNDUP(COLUMNS($L11:L11)/2,0))),"")} -> 威力 | M11: {=IFERROR(_xlfn.MAP(INDEX(INDEX(角色MOD表[],MATCH($E11,角色MOD表[名称],0),),SMALL(_xlfn._xlws.FILTER(COLUMN(_xlfn.DROP(INDEX(角色MOD表[],MATCH($E11,角色MOD表[名称],0),),,MATCH("耐受",角色MOD表[#Headers],0)))*(_xlfn.DROP(INDEX(角色MOD表[],MATCH($E11,角色MOD表[名称],0),),,MATCH("耐受",角色MOD表[#Headers],0))<>""),COLUMN(_xlfn.DROP(INDEX(角色MOD表[],MATCH($E11,角色MOD表[名称],0),),,MATCH("耐受",角色MOD表[#Headers],0)))*(_xlfn.DROP(INDEX(角色MOD表[],MATCH($E11,角色MOD表[名称],0),),,MATCH("耐受",角色MOD表[#Headers],0))<>"")<>0),ROUNDUP(COLUMNS($L11:L11)/2,0))),_xlfn.LAMBDA(_xlpm.x,IFERROR(IF(ISNUMBER(MATCH($F11,{"百首","狮鹫","契约者"},0)),1+SUM(IFERROR(BUFF层数乘数*VLOOKUP(BUFF,BUFF表[],MATCH("MOD属性",BUFF表[#Headers],0),0),0)),1)*MIN(1,($J11+1)/IF($G11="金",11,IF($G11="绿",4,6)))*_xlpm.x,_xlpm.x))),"")} -> 0.44792 | N11: {=IFERROR(INDEX(角色MOD表[#Headers],SMALL(_xlfn._xlws.FILTER(COLUMN(_xlfn.DROP(INDEX(角色MOD表[],MATCH($E11,角色MOD表[名称],0),),,MATCH("耐受",角色MOD表[#Headers],0)))*(_xlfn.DROP(INDEX(角色MOD表[],MATCH($E11,角色MOD表[名称],0),),,6)<>""),COLUMN(_xlfn.DROP(INDEX(角色MOD表[],MATCH($E11,角色MOD表[名称],0),),,MATCH("耐受",角色MOD表[#Headers],0)))*(_xlfn.DROP(INDEX(角色MOD表[],MATCH($E11,角色MOD表[名称],0),),,6)<>"")<>0),ROUNDUP(COLUMNS($L11:N11)/2,0))),"")} -> 攻击 | O11: {=IFERROR(_xlfn.MAP(INDEX(INDEX(角色MOD表[],MATCH($E11,角色MOD表[名称],0),),SMALL(_xlfn._xlws.FILTER(COLUMN(_xlfn.DROP(INDEX(角色MOD表[],MATCH($E11,角色MOD表[名称],0),),,MATCH("耐受",角色MOD表[#Headers],0)))*(_xlfn.DROP(INDEX(角色MOD表[],MATCH($E11,角色MOD表[名称],0),),,MATCH("耐受",角色MOD表[#Headers],0))<>""),COLUMN(_xlfn.DROP(INDEX(角色MOD表[],MATCH($E11,角色MOD表[名称],0),),,MATCH("耐受",角色MOD表[#Headers],0)))*(_xlfn.DROP(INDEX(角色MOD表[],MATCH($E11,角色MOD表[名称],0),),,MATCH("耐受",角色MOD表[#Headers],0))<>"")<>0),ROUNDUP(COLUMNS($L11:N11)/2,0))),_xlfn.LAMBDA(_xlpm.x,IFERROR(IF(ISNUMBER(MATCH($F11,{"百首","狮鹫","契约者"},0)),1+SUM(IFERROR(BUFF层数乘数*VLOOKUP(BUFF,BUFF表[],MATCH("MOD属性",BUFF表[#Headers],0),0),0)),1)*MIN(1,($J11+1)/IF($G11="金",11,IF($G11="绿",4,6)))*_xlpm.x,_xlpm.x))),"")} -> 0.89584 | P11: {=IFERROR(INDEX(角色MOD表[#Headers],SMALL(_xlfn._xlws.FILTER(COLUMN(_xlfn.DROP(INDEX(角色MOD表[],MATCH($E11,角色MOD表[名称],0),),,MATCH("耐受",角色MOD表[#Headers],0)))*(_xlfn.DROP(INDEX(角色MOD表[],MATCH($E11,角色MOD表[名称],0),),,6)<>""),COLUMN(_xlfn.DROP(INDEX(角色MOD表[],MATCH($E11,角色MOD表[名称],0),),,MATCH("耐受",角色MOD表[#Headers],0)))*(_xlfn.DROP(INDEX(角色MOD表[],MATCH($E11,角色MOD表[名称],0),),,6)<>"")<>0),ROUNDUP(COLUMNS($L11:P11)/2,0))),"")} | Q11: {=IFERROR(_xlfn.MAP(INDEX(INDEX(角色MOD表[],MATCH($E11,角色MOD表[名称],0),),SMALL(_xlfn._xlws.FILTER(COLUMN(_xlfn.DROP(INDEX(角色MOD表[],MATCH($E11,角色MOD表[名称],0),),,MATCH("耐受",角色MOD表[#Headers],0)))*(_xlfn.DROP(INDEX(角色MOD表[],MATCH($E11,角色MOD表[名称],0),),,MATCH("耐受",角色MOD表[#Headers],0))<>""),COLUMN(_xlfn.DROP(INDEX(角色MOD表[],MATCH($E11,角色MOD表[名称],0),),,MATCH("耐受",角色MOD表[#Headers],0)))*(_xlfn.DROP(INDEX(角色MOD表[],MATCH($E11,角色MOD表[名称],0),),,MATCH("耐受",角色MOD表[#Headers],0))<>"")<>0),ROUNDUP(COLUMNS($L11:P11)/2,0))),_xlfn.LAMBDA(_xlpm.x,IFERROR(IF(ISNUMBER(MATCH($F11,{"百首","狮鹫","契约者"},0)),1+SUM(IFERROR(BUFF层数乘数*VLOOKUP(BUFF,BUFF表[],MATCH("MOD属性",BUFF表[#Headers],0),0),0)),1)*MIN(1,($J11+1)/IF($G11="金",11,IF($G11="绿",4,6)))*_xlpm.x,_xlpm.x))),"")} | R11: {=IFERROR(INDEX(角色MOD表[#Headers],SMALL(_xlfn._xlws.FILTER(COLUMN(_xlfn.DROP(INDEX(角色MOD表[],MATCH($E11,角色MOD表[名称],0),),,MATCH("耐受",角色MOD表[#Headers],0)))*(_xlfn.DROP(INDEX(角色MOD表[],MATCH($E11,角色MOD表[名称],0),),,6)<>""),COLUMN(_xlfn.DROP(INDEX(角色MOD表[],MATCH($E11,角色MOD表[名称],0),),,MATCH("耐受",角色MOD表[#Headers],0)))*(_xlfn.DROP(INDEX(角色MOD表[],MATCH($E11,角色MOD表[名称],0),),,6)<>"")<>0),ROUNDUP(COLUMNS($L11:R11)/2,0))),"")} | S11: {=IFERROR(_xlfn.MAP(INDEX(INDEX(角色MOD表[],MATCH($E11,角色MOD表[名称],0),),SMALL(_xlfn._xlws.FILTER(COLUMN(_xlfn.DROP(INDEX(角色MOD表[],MATCH($E11,角色MOD表[名称],0),),,MATCH("耐受",角色MOD表[#Headers],0)))*(_xlfn.DROP(INDEX(角色MOD表[],MATCH($E11,角色MOD表[名称],0),),,MATCH("耐受",角色MOD表[#Headers],0))<>""),COLUMN(_xlfn.DROP(INDEX(角色MOD表[],MATCH($E11,角色MOD表[名称],0),),,MATCH("耐受",角色MOD表[#Headers],0)))*(_xlfn.DROP(INDEX(角色MOD表[],MATCH($E11,角色MOD表[名称],0),),,MATCH("耐受",角色MOD表[#Headers],0))<>"")<>0),ROUNDUP(COLUMNS($L11:R11)/2,0))),_xlfn.LAMBDA(_xlpm.x,IFERROR(IF(ISNUMBER(MATCH($F11,{"百首","狮鹫","契约者"},0)),1+SUM(IFERROR(BUFF层数乘数*VLOOKUP(BUFF,BUFF表[],MATCH("MOD属性",BUFF表[#Headers],0),0),0)),1)*MIN(1,($J11+1)/IF($G11="金",11,IF($G11="绿",4,6)))*_xlpm.x,_xlpm.x))),"")} | T11: {=X11*SUM(B$24*U11,B$26*V11,B$25*W11,B$27)*昂扬背水乘区(AB11,AC11)*SUM(1,AD11,AE11)*(1-敌方抗性+AF11)*(1+AG11)/IF($A$39="DPMP",ROUNDUP($B$30*(2-Z11),0),1)/IF($A$39="DPSMP",ROUNDUP($B$31*MAX(0.25,(2-Z11)/Y11),0),1)*防御乘区(AH11)} -> 768463.32 | U11: {=删MOD取角色属性(U$6,ROWS($J$7:$J11))*(1+删MOD取角色属性("属性伤",ROWS($J$7:$J11)))} -> 5616.3875 | V11: {=删MOD取角色属性(V$6,ROWS($J$7:$J11))} -> 3388.6505 | W11: {=删MOD取角色属性(W$6,ROWS($J$7:$J11))} -> 971.49024 | X11: {=删MOD取角色属性(X$6,ROWS($J$7:$J11))} -> 7.56762 | Y11: {=删MOD取角色属性(Y$6,ROWS($J$7:$J11))} -> 1.2 | Z11: {=删MOD取角色属性(Z$6,ROWS($J$7:$J11))} -> 0 | AA11: {=删MOD取角色属性(AA$6,ROWS($J$7:$J11))} -> 1.33594 | AB11: {=删MOD取角色属性(AB$6,ROWS($J$7:$J11))} -> 0 | AC11: {=删MOD取角色属性(AC$6,ROWS($J$7:$J11))} -> 0.83008 | ... AH11: {=删MOD取角色属性(AH$6,ROWS($J$7:$J11))} -> 0 | AV11: 全盛·追袭 | AW11: 瞬袭 | AX11: 箭雨 | BJ11: 10 | BK11: 11 | BM11: 10 | BN11: 11 | BT11: 10 | BU11: 10 | BV11: 10 | BX11: 10
A12: 威力 | B12: =1+IFERROR(VLOOKUP($B$3,角色表[],MATCH(A12,角色表[#Headers],0),0),0) -> 1.2 | C12: {=取角色总属性(A12)} -> 8.01554 | D12: =(B$39-T12)/T12 -> 0.14976834 | E12: 炽灼·决断 | F12: =IFERROR(VLOOKUP($E12,角色MOD表[],MATCH(F$6,角色MOD表[#Headers],0),0),"") -> 契约者 | G12: =IFERROR(VLOOKUP($E12,角色MOD表[],MATCH(G$6,角色MOD表[#Headers],0),0),"") -> 金 | H12: =IFERROR(VLOOKUP($E12,角色MOD表[],MATCH(H$6,角色MOD表[#Headers],0),0),"")&"" -> V | I12: =IF(AND(K12<>"",H12<>""),ROUNDUP(IF(H12=K12,IFERROR(VLOOKUP($E12,角色MOD表[],6,0)+$J12-IF($G12="金",10,IF($G12="绿",3,5)),0)/2,IFERROR(VLOOKUP($E12,角色MOD表[],6,0)+$J12-IF($G12="金",10,IF($G12="绿",3,5)),0)*1.5),0),IFERROR(VLOOKUP($E12,角色MOD表[],6,0)+$J12-IF($G12="金",10,IF($G12="绿",3,5)),0)) -> 20 | J12: 10 | L12: {=IFERROR(INDEX(角色MOD表[#Headers],SMALL(_xlfn._xlws.FILTER(COLUMN(_xlfn.DROP(INDEX(角色MOD表[],MATCH($E12,角色MOD表[名称],0),),,MATCH("耐受",角色MOD表[#Headers],0)))*(_xlfn.DROP(INDEX(角色MOD表[],MATCH($E12,角色MOD表[名称],0),),,6)<>""),COLUMN(_xlfn.DROP(INDEX(角色MOD表[],MATCH($E12,角色MOD表[名称],0),),,MATCH("耐受",角色MOD表[#Headers],0)))*(_xlfn.DROP(INDEX(角色MOD表[],MATCH($E12,角色MOD表[名称],0),),,6)<>"")<>0),ROUNDUP(COLUMNS($L12:L12)/2,0))),"")} -> 威力 | M12: {=IFERROR(_xlfn.MAP(INDEX(INDEX(角色MOD表[],MATCH($E12,角色MOD表[名称],0),),SMALL(_xlfn._xlws.FILTER(COLUMN(_xlfn.DROP(INDEX(角色MOD表[],MATCH($E12,角色MOD表[名称],0),),,MATCH("耐受",角色MOD表[#Headers],0)))*(_xlfn.DROP(INDEX(角色MOD表[],MATCH($E12,角色MOD表[名称],0),),,MATCH("耐受",角色MOD表[#Headers],0))<>""),COLUMN(_xlfn.DROP(INDEX(角色MOD表[],MATCH($E12,角色MOD表[名称],0),),,MATCH("耐受",角色MOD表[#Headers],0)))*(_xlfn.DROP(INDEX(角色MOD表[],MATCH($E12,角色MOD表[名称],0),),,MATCH("耐受",角色MOD表[#Headers],0))<>"")<>0),ROUNDUP(COLUMNS($L12:L12)/2,0))),_xlfn.LAMBDA(_xlpm.x,IFERROR(IF(ISNUMBER(MATCH($F12,{"百首","狮鹫","契约者"},0)),1+SUM(IFERROR(BUFF层数乘数*VLOOKUP(BUFF,BUFF表[],MATCH("MOD属性",BUFF表[#Headers],0),0),0)),1)*MIN(1,($J12+1)/IF($G12="金",11,IF($G12="绿",4,6)))*_xlpm.x,_xlpm.x))),"")} -> 0.44792 | N12: {=IFERROR(INDEX(角色MOD表[#Headers],SMALL(_xlfn._xlws.FILTER(COLUMN(_xlfn.DROP(INDEX(角色MOD表[],MATCH($E12,角色MOD表[名称],0),),,MATCH("耐受",角色MOD表[#Headers],0)))*(_xlfn.DROP(INDEX(角色MOD表[],MATCH($E12,角色MOD表[名称],0),),,6)<>""),COLUMN(_xlfn.DROP(INDEX(角色MOD表[],MATCH($E12,角色MOD表[名称],0),),,MATCH("耐受",角色MOD表[#Headers],0)))*(_xlfn.DROP(INDEX(角色MOD表[],MATCH($E12,角色MOD表[名称],0),),,6)<>"")<>0),ROUNDUP(COLUMNS($L12:N12)/2,0))),"")} -> 攻击 | O12: {=IFERROR(_xlfn.MAP(INDEX(INDEX(角色MOD表[],MATCH($E12,角色MOD表[名称],0),),SMALL(_xlfn._xlws.FILTER(COLUMN(_xlfn.DROP(INDEX(角色MOD表[],MATCH($E12,角色MOD表[名称],0),),,MATCH("耐受",角色MOD表[#Headers],0)))*(_xlfn.DROP(INDEX(角色MOD表[],MATCH($E12,角色MOD表[名称],0),),,MATCH("耐受",角色MOD表[#Headers],0))<>""),COLUMN(_xlfn.DROP(INDEX(角色MOD表[],MATCH($E12,角色MOD表[名称],0),),,MATCH("耐受",角色MOD表[#Headers],0)))*(_xlfn.DROP(INDEX(角色MOD表[],MATCH($E12,角色MOD表[名称],0),),,MATCH("耐受",角色MOD表[#Headers],0))<>"")<>0),ROUNDUP(COLUMNS($L12:N12)/2,0))),_xlfn.LAMBDA(_xlpm.x,IFERROR(IF(ISNUMBER(MATCH($F12,{"百首","狮鹫","契约者"},0)),1+SUM(IFERROR(BUFF层数乘数*VLOOKUP(BUFF,BUFF表[],MATCH("MOD属性",BUFF表[#Headers],0),0),0)),1)*MIN(1,($J12+1)/IF($G12="金",11,IF($G12="绿",4,6)))*_xlpm.x,_xlpm.x))),"")} -> 0.89584 | P12: {=IFERROR(INDEX(角色MOD表[#Headers],SMALL(_xlfn._xlws.FILTER(COLUMN(_xlfn.DROP(INDEX(角色MOD表[],MATCH($E12,角色MOD表[名称],0),),,MATCH("耐受",角色MOD表[#Headers],0)))*(_xlfn.DROP(INDEX(角色MOD表[],MATCH($E12,角色MOD表[名称],0),),,6)<>""),COLUMN(_xlfn.DROP(INDEX(角色MOD表[],MATCH($E12,角色MOD表[名称],0),),,MATCH("耐受",角色MOD表[#Headers],0)))*(_xlfn.DROP(INDEX(角色MOD表[],MATCH($E12,角色MOD表[名称],0),),,6)<>"")<>0),ROUNDUP(COLUMNS($L12:P12)/2,0))),"")} | Q12: {=IFERROR(_xlfn.MAP(INDEX(INDEX(角色MOD表[],MATCH($E12,角色MOD表[名称],0),),SMALL(_xlfn._xlws.FILTER(COLUMN(_xlfn.DROP(INDEX(角色MOD表[],MATCH($E12,角色MOD表[名称],0),),,MATCH("耐受",角色MOD表[#Headers],0)))*(_xlfn.DROP(INDEX(角色MOD表[],MATCH($E12,角色MOD表[名称],0),),,MATCH("耐受",角色MOD表[#Headers],0))<>""),COLUMN(_xlfn.DROP(INDEX(角色MOD表[],MATCH($E12,角色MOD表[名称],0),),,MATCH("耐受",角色MOD表[#Headers],0)))*(_xlfn.DROP(INDEX(角色MOD表[],MATCH($E12,角色MOD表[名称],0),),,MATCH("耐受",角色MOD表[#Headers],0))<>"")<>0),ROUNDUP(COLUMNS($L12:P12)/2,0))),_xlfn.LAMBDA(_xlpm.x,IFERROR(IF(ISNUMBER(MATCH($F12,{"百首","狮鹫","契约者"},0)),1+SUM(IFERROR(BUFF层数乘数*VLOOKUP(BUFF,BUFF表[],MATCH("MOD属性",BUFF表[#Headers],0),0),0)),1)*MIN(1,($J12+1)/IF($G12="金",11,IF($G12="绿",4,6)))*_xlpm.x,_xlpm.x))),"")} | R12: {=IFERROR(INDEX(角色MOD表[#Headers],SMALL(_xlfn._xlws.FILTER(COLUMN(_xlfn.DROP(INDEX(角色MOD表[],MATCH($E12,角色MOD表[名称],0),),,MATCH("耐受",角色MOD表[#Headers],0)))*(_xlfn.DROP(INDEX(角色MOD表[],MATCH($E12,角色MOD表[名称],0),),,6)<>""),COLUMN(_xlfn.DROP(INDEX(角色MOD表[],MATCH($E12,角色MOD表[名称],0),),,MATCH("耐受",角色MOD表[#Headers],0)))*(_xlfn.DROP(INDEX(角色MOD表[],MATCH($E12,角色MOD表[名称],0),),,6)<>"")<>0),ROUNDUP(COLUMNS($L12:R12)/2,0))),"")} | S12: {=IFERROR(_xlfn.MAP(INDEX(INDEX(角色MOD表[],MATCH($E12,角色MOD表[名称],0),),SMALL(_xlfn._xlws.FILTER(COLUMN(_xlfn.DROP(INDEX(角色MOD表[],MATCH($E12,角色MOD表[名称],0),),,MATCH("耐受",角色MOD表[#Headers],0)))*(_xlfn.DROP(INDEX(角色MOD表[],MATCH($E12,角色MOD表[名称],0),),,MATCH("耐受",角色MOD表[#Headers],0))<>""),COLUMN(_xlfn.DROP(INDEX(角色MOD表[],MATCH($E12,角色MOD表[名称],0),),,MATCH("耐受",角色MOD表[#Headers],0)))*(_xlfn.DROP(INDEX(角色MOD表[],MATCH($E12,角色MOD表[名称],0),),,MATCH("耐受",角色MOD表[#Headers],0))<>"")<>0),ROUNDUP(COLUMNS($L12:R12)/2,0))),_xlfn.LAMBDA(_xlpm.x,IFERROR(IF(ISNUMBER(MATCH($F12,{"百首","狮鹫","契约者"},0)),1+SUM(IFERROR(BUFF层数乘数*VLOOKUP(BUFF,BUFF表[],MATCH("MOD属性",BUFF表[#Headers],0),0),0)),1)*MIN(1,($J12+1)/IF($G12="金",11,IF($G12="绿",4,6)))*_xlpm.x,_xlpm.x))),"")} | T12: {=X12*SUM(B$24*U12,B$26*V12,B$25*W12,B$27)*昂扬背水乘区(AB12,AC12)*SUM(1,AD12,AE12)*(1-敌方抗性+AF12)*(1+AG12)/IF($A$39="DPMP",ROUNDUP($B$30*(2-Z12),0),1)/IF($A$39="DPSMP",ROUNDUP($B$31*MAX(0.25,(2-Z12)/Y12),0),1)*防御乘区(AH12)} -> 768463.32 | U12: {=删MOD取角色属性(U$6,ROWS($J$7:$J12))*(1+删MOD取角色属性("属性伤",ROWS($J$7:$J12)))} -> 5616.3875 | V12: {=删MOD取角色属性(V$6,ROWS($J$7:$J12))} -> 3388.6505 | W12: {=删MOD取角色属性(W$6,ROWS($J$7:$J12))} -> 971.49024 | X12: {=删MOD取角色属性(X$6,ROWS($J$7:$J12))} -> 7.56762 | Y12: {=删MOD取角色属性(Y$6,ROWS($J$7:$J12))} -> 1.2 | Z12: {=删MOD取角色属性(Z$6,ROWS($J$7:$J12))} -> 0 | AA12: {=删MOD取角色属性(AA$6,ROWS($J$7:$J12))} -> 1.33594 | AB12: {=删MOD取角色属性(AB$6,ROWS($J$7:$J12))} -> 0 | AC12: {=删MOD取角色属性(AC$6,ROWS($J$7:$J12))} -> 0.83008 | ... AH12: {=删MOD取角色属性(AH$6,ROWS($J$7:$J12))} -> 0 | AV12: 全盛·安神 | AW12: 坠击 | AX12: 箭匣·整备 | BK12: 12 | BN12: 12
A13: 耐久 | B13: =1+IFERROR(VLOOKUP($B$3,角色表[],MATCH(A13,角色表[#Headers],0),0),0) -> 1 | C13: {=取角色总属性(A13)} -> 1.2 | D13: =(B$39-T13)/T13 -> 0.14976834 | E13: 炽灼·决断 | F13: =IFERROR(VLOOKUP($E13,角色MOD表[],MATCH(F$6,角色MOD表[#Headers],0),0),"") -> 契约者 | G13: =IFERROR(VLOOKUP($E13,角色MOD表[],MATCH(G$6,角色MOD表[#Headers],0),0),"") -> 金 | H13: =IFERROR(VLOOKUP($E13,角色MOD表[],MATCH(H$6,角色MOD表[#Headers],0),0),"")&"" -> V | I13: =IF(AND(K13<>"",H13<>""),ROUNDUP(IF(H13=K13,IFERROR(VLOOKUP($E13,角色MOD表[],6,0)+$J13-IF($G13="金",10,IF($G13="绿",3,5)),0)/2,IFERROR(VLOOKUP($E13,角色MOD表[],6,0)+$J13-IF($G13="金",10,IF($G13="绿",3,5)),0)*1.5),0),IFERROR(VLOOKUP($E13,角色MOD表[],6,0)+$J13-IF($G13="金",10,IF($G13="绿",3,5)),0)) -> 20 | J13: 10 | L13: {=IFERROR(INDEX(角色MOD表[#Headers],SMALL(_xlfn._xlws.FILTER(COLUMN(_xlfn.DROP(INDEX(角色MOD表[],MATCH($E13,角色MOD表[名称],0),),,MATCH("耐受",角色MOD表[#Headers],0)))*(_xlfn.DROP(INDEX(角色MOD表[],MATCH($E13,角色MOD表[名称],0),),,6)<>""),COLUMN(_xlfn.DROP(INDEX(角色MOD表[],MATCH($E13,角色MOD表[名称],0),),,MATCH("耐受",角色MOD表[#Headers],0)))*(_xlfn.DROP(INDEX(角色MOD表[],MATCH($E13,角色MOD表[名称],0),),,6)<>"")<>0),ROUNDUP(COLUMNS($L13:L13)/2,0))),"")} -> 威力 | M13: {=IFERROR(_xlfn.MAP(INDEX(INDEX(角色MOD表[],MATCH($E13,角色MOD表[名称],0),),SMALL(_xlfn._xlws.FILTER(COLUMN(_xlfn.DROP(INDEX(角色MOD表[],MATCH($E13,角色MOD表[名称],0),),,MATCH("耐受",角色MOD表[#Headers],0)))*(_xlfn.DROP(INDEX(角色MOD表[],MATCH($E13,角色MOD表[名称],0),),,MATCH("耐受",角色MOD表[#Headers],0))<>""),COLUMN(_xlfn.DROP(INDEX(角色MOD表[],MATCH($E13,角色MOD表[名称],0),),,MATCH("耐受",角色MOD表[#Headers],0)))*(_xlfn.DROP(INDEX(角色MOD表[],MATCH($E13,角色MOD表[名称],0),),,MATCH("耐受",角色MOD表[#Headers],0))<>"")<>0),ROUNDUP(COLUMNS($L13:L13)/2,0))),_xlfn.LAMBDA(_xlpm.x,IFERROR(IF(ISNUMBER(MATCH($F13,{"百首","狮鹫","契约者"},0)),1+SUM(IFERROR(BUFF层数乘数*VLOOKUP(BUFF,BUFF表[],MATCH("MOD属性",BUFF表[#Headers],0),0),0)),1)*MIN(1,($J13+1)/IF($G13="金",11,IF($G13="绿",4,6)))*_xlpm.x,_xlpm.x))),"")} -> 0.44792 | N13: {=IFERROR(INDEX(角色MOD表[#Headers],SMALL(_xlfn._xlws.FILTER(COLUMN(_xlfn.DROP(INDEX(角色MOD表[],MATCH($E13,角色MOD表[名称],0),),,MATCH("耐受",角色MOD表[#Headers],0)))*(_xlfn.DROP(INDEX(角色MOD表[],MATCH($E13,角色MOD表[名称],0),),,6)<>""),COLUMN(_xlfn.DROP(INDEX(角色MOD表[],MATCH($E13,角色MOD表[名称],0),),,MATCH("耐受",角色MOD表[#Headers],0)))*(_xlfn.DROP(INDEX(角色MOD表[],MATCH($E13,角色MOD表[名称],0),),,6)<>"")<>0),ROUNDUP(COLUMNS($L13:N13)/2,0))),"")} -> 攻击 | O13: {=IFERROR(_xlfn.MAP(INDEX(INDEX(角色MOD表[],MATCH($E13,角色MOD表[名称],0),),SMALL(_xlfn._xlws.FILTER(COLUMN(_xlfn.DROP(INDEX(角色MOD表[],MATCH($E13,角色MOD表[名称],0),),,MATCH("耐受",角色MOD表[#Headers],0)))*(_xlfn.DROP(INDEX(角色MOD表[],MATCH($E13,角色MOD表[名称],0),),,MATCH("耐受",角色MOD表[#Headers],0))<>""),COLUMN(_xlfn.DROP(INDEX(角色MOD表[],MATCH($E13,角色MOD表[名称],0),),,MATCH("耐受",角色MOD表[#Headers],0)))*(_xlfn.DROP(INDEX(角色MOD表[],MATCH($E13,角色MOD表[名称],0),),,MATCH("耐受",角色MOD表[#Headers],0))<>"")<>0),ROUNDUP(COLUMNS($L13:N13)/2,0))),_xlfn.LAMBDA(_xlpm.x,IFERROR(IF(ISNUMBER(MATCH($F13,{"百首","狮鹫","契约者"},0)),1+SUM(IFERROR(BUFF层数乘数*VLOOKUP(BUFF,BUFF表[],MATCH("MOD属性",BUFF表[#Headers],0),0),0)),1)*MIN(1,($J13+1)/IF($G13="金",11,IF($G13="绿",4,6)))*_xlpm.x,_xlpm.x))),"")} -> 0.89584 | P13: {=IFERROR(INDEX(角色MOD表[#Headers],SMALL(_xlfn._xlws.FILTER(COLUMN(_xlfn.DROP(INDEX(角色MOD表[],MATCH($E13,角色MOD表[名称],0),),,MATCH("耐受",角色MOD表[#Headers],0)))*(_xlfn.DROP(INDEX(角色MOD表[],MATCH($E13,角色MOD表[名称],0),),,6)<>""),COLUMN(_xlfn.DROP(INDEX(角色MOD表[],MATCH($E13,角色MOD表[名称],0),),,MATCH("耐受",角色MOD表[#Headers],0)))*(_xlfn.DROP(INDEX(角色MOD表[],MATCH($E13,角色MOD表[名称],0),),,6)<>"")<>0),ROUNDUP(COLUMNS($L13:P13)/2,0))),"")} | Q13: {=IFERROR(_xlfn.MAP(INDEX(INDEX(角色MOD表[],MATCH($E13,角色MOD表[名称],0),),SMALL(_xlfn._xlws.FILTER(COLUMN(_xlfn.DROP(INDEX(角色MOD表[],MATCH($E13,角色MOD表[名称],0),),,MATCH("耐受",角色MOD表[#Headers],0)))*(_xlfn.DROP(INDEX(角色MOD表[],MATCH($E13,角色MOD表[名称],0),),,MATCH("耐受",角色MOD表[#Headers],0))<>""),COLUMN(_xlfn.DROP(INDEX(角色MOD表[],MATCH($E13,角色MOD表[名称],0),),,MATCH("耐受",角色MOD表[#Headers],0)))*(_xlfn.DROP(INDEX(角色MOD表[],MATCH($E13,角色MOD表[名称],0),),,MATCH("耐受",角色MOD表[#Headers],0))<>"")<>0),ROUNDUP(COLUMNS($L13:P13)/2,0))),_xlfn.LAMBDA(_xlpm.x,IFERROR(IF(ISNUMBER(MATCH($F13,{"百首","狮鹫","契约者"},0)),1+SUM(IFERROR(BUFF层数乘数*VLOOKUP(BUFF,BUFF表[],MATCH("MOD属性",BUFF表[#Headers],0),0),0)),1)*MIN(1,($J13+1)/IF($G13="金",11,IF($G13="绿",4,6)))*_xlpm.x,_xlpm.x))),"")} | R13: {=IFERROR(INDEX(角色MOD表[#Headers],SMALL(_xlfn._xlws.FILTER(COLUMN(_xlfn.DROP(INDEX(角色MOD表[],MATCH($E13,角色MOD表[名称],0),),,MATCH("耐受",角色MOD表[#Headers],0)))*(_xlfn.DROP(INDEX(角色MOD表[],MATCH($E13,角色MOD表[名称],0),),,6)<>""),COLUMN(_xlfn.DROP(INDEX(角色MOD表[],MATCH($E13,角色MOD表[名称],0),),,MATCH("耐受",角色MOD表[#Headers],0)))*(_xlfn.DROP(INDEX(角色MOD表[],MATCH($E13,角色MOD表[名称],0),),,6)<>"")<>0),ROUNDUP(COLUMNS($L13:R13)/2,0))),"")} | S13: {=IFERROR(_xlfn.MAP(INDEX(INDEX(角色MOD表[],MATCH($E13,角色MOD表[名称],0),),SMALL(_xlfn._xlws.FILTER(COLUMN(_xlfn.DROP(INDEX(角色MOD表[],MATCH($E13,角色MOD表[名称],0),),,MATCH("耐受",角色MOD表[#Headers],0)))*(_xlfn.DROP(INDEX(角色MOD表[],MATCH($E13,角色MOD表[名称],0),),,MATCH("耐受",角色MOD表[#Headers],0))<>""),COLUMN(_xlfn.DROP(INDEX(角色MOD表[],MATCH($E13,角色MOD表[名称],0),),,MATCH("耐受",角色MOD表[#Headers],0)))*(_xlfn.DROP(INDEX(角色MOD表[],MATCH($E13,角色MOD表[名称],0),),,MATCH("耐受",角色MOD表[#Headers],0))<>"")<>0),ROUNDUP(COLUMNS($L13:R13)/2,0))),_xlfn.LAMBDA(_xlpm.x,IFERROR(IF(ISNUMBER(MATCH($F13,{"百首","狮鹫","契约者"},0)),1+SUM(IFERROR(BUFF层数乘数*VLOOKUP(BUFF,BUFF表[],MATCH("MOD属性",BUFF表[#Headers],0),0),0)),1)*MIN(1,($J13+1)/IF($G13="金",11,IF($G13="绿",4,6)))*_xlpm.x,_xlpm.x))),"")} | T13: {=X13*SUM(B$24*U13,B$26*V13,B$25*W13,B$27)*昂扬背水乘区(AB13,AC13)*SUM(1,AD13,AE13)*(1-敌方抗性+AF13)*(1+AG13)/IF($A$39="DPMP",ROUNDUP($B$30*(2-Z13),0),1)/IF($A$39="DPSMP",ROUNDUP($B$31*MAX(0.25,(2-Z13)/Y13),0),1)*防御乘区(AH13)} -> 768463.32 | U13: {=删MOD取角色属性(U$6,ROWS($J$7:$J13))*(1+删MOD取角色属性("属性伤",ROWS($J$7:$J13)))} -> 5616.3875 | V13: {=删MOD取角色属性(V$6,ROWS($J$7:$J13))} -> 3388.6505 | W13: {=删MOD取角色属性(W$6,ROWS($J$7:$J13))} -> 971.49024 | X13: {=删MOD取角色属性(X$6,ROWS($J$7:$J13))} -> 7.56762 | Y13: {=删MOD取角色属性(Y$6,ROWS($J$7:$J13))} -> 1.2 | Z13: {=删MOD取角色属性(Z$6,ROWS($J$7:$J13))} -> 0 | AA13: {=删MOD取角色属性(AA$6,ROWS($J$7:$J13))} -> 1.33594 | AB13: {=删MOD取角色属性(AB$6,ROWS($J$7:$J13))} -> 0 | AC13: {=删MOD取角色属性(AC$6,ROWS($J$7:$J13))} -> 0.83008 | ... AH13: {=删MOD取角色属性(AH$6,ROWS($J$7:$J13))} -> 0 | AV13: 全盛·振奋 | AW13: 迅捷坠击 | AX13: 重压·箭匣
A14: 效益 | B14: =1+IFERROR(VLOOKUP($B$3,角色表[],MATCH(A14,角色表[#Headers],0),0),0) -> 1 | C14: {=取角色总属性(A14)} -> 0 | D14: =(B$39-T14)/T14 -> 0.14976834 | E14: 炽灼·决断 | F14: =IFERROR(VLOOKUP($E14,角色MOD表[],MATCH(F$6,角色MOD表[#Headers],0),0),"") -> 契约者 | G14: =IFERROR(VLOOKUP($E14,角色MOD表[],MATCH(G$6,角色MOD表[#Headers],0),0),"") -> 金 | H14: =IFERROR(VLOOKUP($E14,角色MOD表[],MATCH(H$6,角色MOD表[#Headers],0),0),"")&"" -> V | I14: =IF(AND(K14<>"",H14<>""),ROUNDUP(IF(H14=K14,IFERROR(VLOOKUP($E14,角色MOD表[],6,0)+$J14-IF($G14="金",10,IF($G14="绿",3,5)),0)/2,IFERROR(VLOOKUP($E14,角色MOD表[],6,0)+$J14-IF($G14="金",10,IF($G14="绿",3,5)),0)*1.5),0),IFERROR(VLOOKUP($E14,角色MOD表[],6,0)+$J14-IF($G14="金",10,IF($G14="绿",3,5)),0)) -> 20 | J14: 10 | L14: {=IFERROR(INDEX(角色MOD表[#Headers],SMALL(_xlfn._xlws.FILTER(COLUMN(_xlfn.DROP(INDEX(角色MOD表[],MATCH($E14,角色MOD表[名称],0),),,MATCH("耐受",角色MOD表[#Headers],0)))*(_xlfn.DROP(INDEX(角色MOD表[],MATCH($E14,角色MOD表[名称],0),),,6)<>""),COLUMN(_xlfn.DROP(INDEX(角色MOD表[],MATCH($E14,角色MOD表[名称],0),),,MATCH("耐受",角色MOD表[#Headers],0)))*(_xlfn.DROP(INDEX(角色MOD表[],MATCH($E14,角色MOD表[名称],0),),,6)<>"")<>0),ROUNDUP(COLUMNS($L14:L14)/2,0))),"")} -> 威力 | M14: {=IFERROR(_xlfn.MAP(INDEX(INDEX(角色MOD表[],MATCH($E14,角色MOD表[名称],0),),SMALL(_xlfn._xlws.FILTER(COLUMN(_xlfn.DROP(INDEX(角色MOD表[],MATCH($E14,角色MOD表[名称],0),),,MATCH("耐受",角色MOD表[#Headers],0)))*(_xlfn.DROP(INDEX(角色MOD表[],MATCH($E14,角色MOD表[名称],0),),,MATCH("耐受",角色MOD表[#Headers],0))<>""),COLUMN(_xlfn.DROP(INDEX(角色MOD表[],MATCH($E14,角色MOD表[名称],0),),,MATCH("耐受",角色MOD表[#Headers],0)))*(_xlfn.DROP(INDEX(角色MOD表[],MATCH($E14,角色MOD表[名称],0),),,MATCH("耐受",角色MOD表[#Headers],0))<>"")<>0),ROUNDUP(COLUMNS($L14:L14)/2,0))),_xlfn.LAMBDA(_xlpm.x,IFERROR(IF(ISNUMBER(MATCH($F14,{"百首","狮鹫","契约者"},0)),1+SUM(IFERROR(BUFF层数乘数*VLOOKUP(BUFF,BUFF表[],MATCH("MOD属性",BUFF表[#Headers],0),0),0)),1)*MIN(1,($J14+1)/IF($G14="金",11,IF($G14="绿",4,6)))*_xlpm.x,_xlpm.x))),"")} -> 0.44792 | N14: {=IFERROR(INDEX(角色MOD表[#Headers],SMALL(_xlfn._xlws.FILTER(COLUMN(_xlfn.DROP(INDEX(角色MOD表[],MATCH($E14,角色MOD表[名称],0),),,MATCH("耐受",角色MOD表[#Headers],0)))*(_xlfn.DROP(INDEX(角色MOD表[],MATCH($E14,角色MOD表[名称],0),),,6)<>""),COLUMN(_xlfn.DROP(INDEX(角色MOD表[],MATCH($E14,角色MOD表[名称],0),),,MATCH("耐受",角色MOD表[#Headers],0)))*(_xlfn.DROP(INDEX(角色MOD表[],MATCH($E14,角色MOD表[名称],0),),,6)<>"")<>0),ROUNDUP(COLUMNS($L14:N14)/2,0))),"")} -> 攻击 | O14: {=IFERROR(_xlfn.MAP(INDEX(INDEX(角色MOD表[],MATCH($E14,角色MOD表[名称],0),),SMALL(_xlfn._xlws.FILTER(COLUMN(_xlfn.DROP(INDEX(角色MOD表[],MATCH($E14,角色MOD表[名称],0),),,MATCH("耐受",角色MOD表[#Headers],0)))*(_xlfn.DROP(INDEX(角色MOD表[],MATCH($E14,角色MOD表[名称],0),),,MATCH("耐受",角色MOD表[#Headers],0))<>""),COLUMN(_xlfn.DROP(INDEX(角色MOD表[],MATCH($E14,角色MOD表[名称],0),),,MATCH("耐受",角色MOD表[#Headers],0)))*(_xlfn.DROP(INDEX(角色MOD表[],MATCH($E14,角色MOD表[名称],0),),,MATCH("耐受",角色MOD表[#Headers],0))<>"")<>0),ROUNDUP(COLUMNS($L14:N14)/2,0))),_xlfn.LAMBDA(_xlpm.x,IFERROR(IF(ISNUMBER(MATCH($F14,{"百首","狮鹫","契约者"},0)),1+SUM(IFERROR(BUFF层数乘数*VLOOKUP(BUFF,BUFF表[],MATCH("MOD属性",BUFF表[#Headers],0),0),0)),1)*MIN(1,($J14+1)/IF($G14="金",11,IF($G14="绿",4,6)))*_xlpm.x,_xlpm.x))),"")} -> 0.89584 | P14: {=IFERROR(INDEX(角色MOD表[#Headers],SMALL(_xlfn._xlws.FILTER(COLUMN(_xlfn.DROP(INDEX(角色MOD表[],MATCH($E14,角色MOD表[名称],0),),,MATCH("耐受",角色MOD表[#Headers],0)))*(_xlfn.DROP(INDEX(角色MOD表[],MATCH($E14,角色MOD表[名称],0),),,6)<>""),COLUMN(_xlfn.DROP(INDEX(角色MOD表[],MATCH($E14,角色MOD表[名称],0),),,MATCH("耐受",角色MOD表[#Headers],0)))*(_xlfn.DROP(INDEX(角色MOD表[],MATCH($E14,角色MOD表[名称],0),),,6)<>"")<>0),ROUNDUP(COLUMNS($L14:P14)/2,0))),"")} | Q14: {=IFERROR(_xlfn.MAP(INDEX(INDEX(角色MOD表[],MATCH($E14,角色MOD表[名称],0),),SMALL(_xlfn._xlws.FILTER(COLUMN(_xlfn.DROP(INDEX(角色MOD表[],MATCH($E14,角色MOD表[名称],0),),,MATCH("耐受",角色MOD表[#Headers],0)))*(_xlfn.DROP(INDEX(角色MOD表[],MATCH($E14,角色MOD表[名称],0),),,MATCH("耐受",角色MOD表[#Headers],0))<>""),COLUMN(_xlfn.DROP(INDEX(角色MOD表[],MATCH($E14,角色MOD表[名称],0),),,MATCH("耐受",角色MOD表[#Headers],0)))*(_xlfn.DROP(INDEX(角色MOD表[],MATCH($E14,角色MOD表[名称],0),),,MATCH("耐受",角色MOD表[#Headers],0))<>"")<>0),ROUNDUP(COLUMNS($L14:P14)/2,0))),_xlfn.LAMBDA(_xlpm.x,IFERROR(IF(ISNUMBER(MATCH($F14,{"百首","狮鹫","契约者"},0)),1+SUM(IFERROR(BUFF层数乘数*VLOOKUP(BUFF,BUFF表[],MATCH("MOD属性",BUFF表[#Headers],0),0),0)),1)*MIN(1,($J14+1)/IF($G14="金",11,IF($G14="绿",4,6)))*_xlpm.x,_xlpm.x))),"")} | R14: {=IFERROR(INDEX(角色MOD表[#Headers],SMALL(_xlfn._xlws.FILTER(COLUMN(_xlfn.DROP(INDEX(角色MOD表[],MATCH($E14,角色MOD表[名称],0),),,MATCH("耐受",角色MOD表[#Headers],0)))*(_xlfn.DROP(INDEX(角色MOD表[],MATCH($E14,角色MOD表[名称],0),),,6)<>""),COLUMN(_xlfn.DROP(INDEX(角色MOD表[],MATCH($E14,角色MOD表[名称],0),),,MATCH("耐受",角色MOD表[#Headers],0)))*(_xlfn.DROP(INDEX(角色MOD表[],MATCH($E14,角色MOD表[名称],0),),,6)<>"")<>0),ROUNDUP(COLUMNS($L14:R14)/2,0))),"")} | S14: {=IFERROR(_xlfn.MAP(INDEX(INDEX(角色MOD表[],MATCH($E14,角色MOD表[名称],0),),SMALL(_xlfn._xlws.FILTER(COLUMN(_xlfn.DROP(INDEX(角色MOD表[],MATCH($E14,角色MOD表[名称],0),),,MATCH("耐受",角色MOD表[#Headers],0)))*(_xlfn.DROP(INDEX(角色MOD表[],MATCH($E14,角色MOD表[名称],0),),,MATCH("耐受",角色MOD表[#Headers],0))<>""),COLUMN(_xlfn.DROP(INDEX(角色MOD表[],MATCH($E14,角色MOD表[名称],0),),,MATCH("耐受",角色MOD表[#Headers],0)))*(_xlfn.DROP(INDEX(角色MOD表[],MATCH($E14,角色MOD表[名称],0),),,MATCH("耐受",角色MOD表[#Headers],0))<>"")<>0),ROUNDUP(COLUMNS($L14:R14)/2,0))),_xlfn.LAMBDA(_xlpm.x,IFERROR(IF(ISNUMBER(MATCH($F14,{"百首","狮鹫","契约者"},0)),1+SUM(IFERROR(BUFF层数乘数*VLOOKUP(BUFF,BUFF表[],MATCH("MOD属性",BUFF表[#Headers],0),0),0)),1)*MIN(1,($J14+1)/IF($G14="金",11,IF($G14="绿",4,6)))*_xlpm.x,_xlpm.x))),"")} | T14: {=X14*SUM(B$24*U14,B$26*V14,B$25*W14,B$27)*昂扬背水乘区(AB14,AC14)*SUM(1,AD14,AE14)*(1-敌方抗性+AF14)*(1+AG14)/IF($A$39="DPMP",ROUNDUP($B$30*(2-Z14),0),1)/IF($A$39="DPSMP",ROUNDUP($B$31*MAX(0.25,(2-Z14)/Y14),0),1)*防御乘区(AH14)} -> 768463.32 | U14: {=删MOD取角色属性(U$6,ROWS($J$7:$J14))*(1+删MOD取角色属性("属性伤",ROWS($J$7:$J14)))} -> 5616.3875 | V14: {=删MOD取角色属性(V$6,ROWS($J$7:$J14))} -> 3388.6505 | W14: {=删MOD取角色属性(W$6,ROWS($J$7:$J14))} -> 971.49024 | X14: {=删MOD取角色属性(X$6,ROWS($J$7:$J14))} -> 7.56762 | Y14: {=删MOD取角色属性(Y$6,ROWS($J$7:$J14))} -> 1.2 | Z14: {=删MOD取角色属性(Z$6,ROWS($J$7:$J14))} -> 0 | AA14: {=删MOD取角色属性(AA$6,ROWS($J$7:$J14))} -> 1.33594 | AB14: {=删MOD取角色属性(AB$6,ROWS($J$7:$J14))} -> 0 | AC14: {=删MOD取角色属性(AC$6,ROWS($J$7:$J14))} -> 0.83008 | ... AH14: {=删MOD取角色属性(AH$6,ROWS($J$7:$J14))} -> 0 | AV14: 炽灼·决断 | AW14: 迅捷蓄势 | AX14: 专注·厚重
A15: 范围 | B15: =1+IFERROR(VLOOKUP($B$3,角色表[],MATCH(A15,角色表[#Headers],0),0),0) -> 1 | C15: {=取角色总属性(A15)} -> 1.33594 | D15: {=PRODUCT(D7:D14+1)-1} -> 3.3206895 | E15: 耐受 | F15: =SUM(7,I7:I14)&"/117" -> 155/117 | J15: 极化次数 | K15: =LEN(_xlfn.CONCAT(K7:K14)) -> 0 | L15: 中枢 | M15: 警惕 | AV15: 羽翼·永恒 | AW15: 迅捷闪击 | AX15: 迅捷·狡黠
A16: 昂扬 | B16: =IFERROR(VLOOKUP($B$3,角色表[],MATCH(A16,角色表[#Headers],0),0),0) -> 0 | C16: {=取角色总属性(A16)} -> 0 | D16: 社区代码 | E16: {=_xlfn.TEXTJOIN("",1,"C",IFERROR(INDEX(代码表[代码],MATCH(B3,代码表[名称],0),0),"0000"),_xlfn.MAP(_xlfn.VSTACK(_xlfn.MAP(TRANSPOSE({1,4,2,3,5,8,6,7}),_xlfn.LAMBDA(_xlpm.x,ADDRESS(ROW()-10+_xlpm.x,COLUMN()))),"M15"),_xlfn.LAMBDA(_xlpm.x,IFERROR(INDEX(#REF!,MATCH(1,((代码表[属性]=B6)+(代码表[属性]=""))*((代码表[品质]=OFFSET(INDIRECT(_xlpm.x),0,2))+(OFFSET(INDIRECT(_xlpm.x),0,2)=""))*(代码表[名称]=IF(ISNUMBER(FIND("(",INDIRECT(_xlpm.x))),LEFT(INDIRECT(_xlpm.x),FIND("(",INDIRECT(_xlpm.x))-1),INDIRECT(_xlpm.x))),0),MATCH("代码",代码表[#Headers],0)),"0000"))))} -> C0439000000000000000000000000000000000000 | AV16: 炽灼·背水 | AW16: 残影 | AX16: 整备
A17: 背水 | B17: =IFERROR(VLOOKUP($B$3,角色表[],MATCH(A17,角色表[#Headers],0),0),0) -> 0.05 | C17: {=取角色总属性(A17)} -> 0.83008 | D17: 增益效果 | AV17: 炽灼·坚守 | AW17: 巡游 | AX17: 俭约
A18: 增伤 | B18: =IFERROR(VLOOKUP($B$3,角色表[],MATCH(A18,角色表[#Headers],0),0),0) -> 0 | C18: {=取角色总属性(A18)} -> 2.25 | D18: 收益 | E18: 名称 | F18: 层数 | G18: 属性1 | I18: 属性2 | K18: 属性3 | M18: 属性4 | O18: 描述 | T18: 去除后期望 | U18: 攻击 | V18: 生命 | W18: 防御 | X18: 威力 | Y18: 耐久 | Z18: 效益 | AA18: 范围 | AB18: 昂扬 | AC18: 背水 | AD18: 增伤 | AE18: 技能伤害 | AF18: 属性穿透 | AG18: 独立增伤 | AH18: 无视防御 | AV18: 羽翼·鼓舞 | AW18: 割裂 | AX18: 增速
A19: 独立增伤 | B19: 0 | C19: {=取角色总属性(A19)} -> 0 | D19: =(B$39-T19)/T19 -> 0.37711864 | E19: 松露与榛子E | G19: {=IFERROR(INDEX(BUFF表[#Headers],SMALL(_xlfn._xlws.FILTER(COLUMN(_xlfn.DROP(INDEX(BUFF表[],MATCH($E19,BUFF表[名称],0),),,MATCH("描述",BUFF表[#Headers],0)))*(_xlfn.DROP(INDEX(BUFF表[],MATCH($E19,BUFF表[名称],0),),,MATCH("描述",BUFF表[#Headers],0))<>""),COLUMN(_xlfn.DROP(INDEX(BUFF表[],MATCH($E19,BUFF表[名称],0),),,MATCH("描述",BUFF表[#Headers],0)))*(_xlfn.DROP(INDEX(BUFF表[],MATCH($E19,BUFF表[名称],0),),,MATCH("描述",BUFF表[#Headers],0))<>"")<>0),ROUNDUP(COLUMNS($G19:G19)/2,0))),"")} -> 增伤 | H19: {=IFERROR(ROUND(IFERROR(1/VLOOKUP($E19,BUFF表[],MATCH("a",BUFF表[#Headers],0),0)*(1+1/VLOOKUP($E19,BUFF表[],MATCH("b",BUFF表[#Headers],0),0)*(IF($F19="",VLOOKUP($E19,BUFF表[],MATCH("dx",BUFF表[#Headers],0),0),$F19)-VLOOKUP($E19,BUFF表[],MATCH("lx",BUFF表[#Headers],0),0))),1)*INDEX(INDEX(BUFF表[],MATCH($E19,BUFF表[名称],0),),SMALL(_xlfn._xlws.FILTER(COLUMN(_xlfn.DROP(INDEX(BUFF表[],MATCH($E19,BUFF表[名称],0),),,MATCH("描述",BUFF表[#Headers],0)))*(_xlfn.DROP(INDEX(BUFF表[],MATCH($E19,BUFF表[名称],0),),,MATCH("描述",BUFF表[#Headers],0))<>""),COLUMN(_xlfn.DROP(INDEX(BUFF表[],MATCH($E19,BUFF表[名称],0),),,MATCH("描述",BUFF表[#Headers],0)))*(_xlfn.DROP(INDEX(BUFF表[],MATCH($E19,BUFF表[名称],0),),,MATCH("描述",BUFF表[#Headers],0))<>"")<>0),ROUNDUP(COLUMNS($G19:G19)/2,0))),3),"")} -> 0.89 | I19: {=IFERROR(INDEX(BUFF表[#Headers],SMALL(_xlfn._xlws.FILTER(COLUMN(_xlfn.DROP(INDEX(BUFF表[],MATCH($E19,BUFF表[名称],0),),,MATCH("描述",BUFF表[#Headers],0)))*(_xlfn.DROP(INDEX(BUFF表[],MATCH($E19,BUFF表[名称],0),),,MATCH("描述",BUFF表[#Headers],0))<>""),COLUMN(_xlfn.DROP(INDEX(BUFF表[],MATCH($E19,BUFF表[名称],0),),,MATCH("描述",BUFF表[#Headers],0)))*(_xlfn.DROP(INDEX(BUFF表[],MATCH($E19,BUFF表[名称],0),),,MATCH("描述",BUFF表[#Headers],0))<>"")<>0),ROUNDUP(COLUMNS($G19:I19)/2,0))),"")} | J19: {=IFERROR(ROUND(IFERROR(1/VLOOKUP($E19,BUFF表[],MATCH("a",BUFF表[#Headers],0),0)*(1+1/VLOOKUP($E19,BUFF表[],MATCH("b",BUFF表[#Headers],0),0)*(IF($F19="",VLOOKUP($E19,BUFF表[],MATCH("dx",BUFF表[#Headers],0),0),$F19)-VLOOKUP($E19,BUFF表[],MATCH("lx",BUFF表[#Headers],0),0))),1)*INDEX(INDEX(BUFF表[],MATCH($E19,BUFF表[名称],0),),SMALL(_xlfn._xlws.FILTER(COLUMN(_xlfn.DROP(INDEX(BUFF表[],MATCH($E19,BUFF表[名称],0),),,MATCH("描述",BUFF表[#Headers],0)))*(_xlfn.DROP(INDEX(BUFF表[],MATCH($E19,BUFF表[名称],0),),,MATCH("描述",BUFF表[#Headers],0))<>""),COLUMN(_xlfn.DROP(INDEX(BUFF表[],MATCH($E19,BUFF表[名称],0),),,MATCH("描述",BUFF表[#Headers],0)))*(_xlfn.DROP(INDEX(BUFF表[],MATCH($E19,BUFF表[名称],0),),,MATCH("描述",BUFF表[#Headers],0))<>"")<>0),ROUNDUP(COLUMNS($G19:I19)/2,0))),3),"")} | K19: {=IFERROR(INDEX(BUFF表[#Headers],SMALL(_xlfn._xlws.FILTER(COLUMN(_xlfn.DROP(INDEX(BUFF表[],MATCH($E19,BUFF表[名称],0),),,MATCH("描述",BUFF表[#Headers],0)))*(_xlfn.DROP(INDEX(BUFF表[],MATCH($E19,BUFF表[名称],0),),,MATCH("描述",BUFF表[#Headers],0))<>""),COLUMN(_xlfn.DROP(INDEX(BUFF表[],MATCH($E19,BUFF表[名称],0),),,MATCH("描述",BUFF表[#Headers],0)))*(_xlfn.DROP(INDEX(BUFF表[],MATCH($E19,BUFF表[名称],0),),,MATCH("描述",BUFF表[#Headers],0))<>"")<>0),ROUNDUP(COLUMNS($G19:K19)/2,0))),"")} | L19: {=IFERROR(ROUND(IFERROR(1/VLOOKUP($E19,BUFF表[],MATCH("a",BUFF表[#Headers],0),0)*(1+1/VLOOKUP($E19,BUFF表[],MATCH("b",BUFF表[#Headers],0),0)*(IF($F19="",VLOOKUP($E19,BUFF表[],MATCH("dx",BUFF表[#Headers],0),0),$F19)-VLOOKUP($E19,BUFF表[],MATCH("lx",BUFF表[#Headers],0),0))),1)*INDEX(INDEX(BUFF表[],MATCH($E19,BUFF表[名称],0),),SMALL(_xlfn._xlws.FILTER(COLUMN(_xlfn.DROP(INDEX(BUFF表[],MATCH($E19,BUFF表[名称],0),),,MATCH("描述",BUFF表[#Headers],0)))*(_xlfn.DROP(INDEX(BUFF表[],MATCH($E19,BUFF表[名称],0),),,MATCH("描述",BUFF表[#Headers],0))<>""),COLUMN(_xlfn.DROP(INDEX(BUFF表[],MATCH($E19,BUFF表[名称],0),),,MATCH("描述",BUFF表[#Headers],0)))*(_xlfn.DROP(INDEX(BUFF表[],MATCH($E19,BUFF表[名称],0),),,MATCH("描述",BUFF表[#Headers],0))<>"")<>0),ROUNDUP(COLUMNS($G19:K19)/2,0))),3),"")} | M19: {=IFERROR(INDEX(BUFF表[#Headers],SMALL(_xlfn._xlws.FILTER(COLUMN(_xlfn.DROP(INDEX(BUFF表[],MATCH($E19,BUFF表[名称],0),),,MATCH("描述",BUFF表[#Headers],0)))*(_xlfn.DROP(INDEX(BUFF表[],MATCH($E19,BUFF表[名称],0),),,MATCH("描述",BUFF表[#Headers],0))<>""),COLUMN(_xlfn.DROP(INDEX(BUFF表[],MATCH($E19,BUFF表[名称],0),),,MATCH("描述",BUFF表[#Headers],0)))*(_xlfn.DROP(INDEX(BUFF表[],MATCH($E19,BUFF表[名称],0),),,MATCH("描述",BUFF表[#Headers],0))<>"")<>0),ROUNDUP(COLUMNS($G19:M19)/2,0))),"")} | N19: {=IFERROR(ROUND(IFERROR(1/VLOOKUP($E19,BUFF表[],MATCH("a",BUFF表[#Headers],0),0)*(1+1/VLOOKUP($E19,BUFF表[],MATCH("b",BUFF表[#Headers],0),0)*(IF($F19="",VLOOKUP($E19,BUFF表[],MATCH("dx",BUFF表[#Headers],0),0),$F19)-VLOOKUP($E19,BUFF表[],MATCH("lx",BUFF表[#Headers],0),0))),1)*INDEX(INDEX(BUFF表[],MATCH($E19,BUFF表[名称],0),),SMALL(_xlfn._xlws.FILTER(COLUMN(_xlfn.DROP(INDEX(BUFF表[],MATCH($E19,BUFF表[名称],0),),,MATCH("描述",BUFF表[#Headers],0)))*(_xlfn.DROP(INDEX(BUFF表[],MATCH($E19,BUFF表[名称],0),),,MATCH("描述",BUFF表[#Headers],0))<>""),COLUMN(_xlfn.DROP(INDEX(BUFF表[],MATCH($E19,BUFF表[名称],0),),,MATCH("描述",BUFF表[#Headers],0)))*(_xlfn.DROP(INDEX(BUFF表[],MATCH($E19,BUFF表[名称],0),),,MATCH("描述",BUFF表[#Headers],0))<>"")<>0),ROUNDUP(COLUMNS($G19:M19)/2,0))),3),"")} | O19: =IFERROR(VLOOKUP(E19,BUFF表[],MATCH("描述",BUFF表[#Headers],0),0),"") -> 附加造成伤害提高效果。 | T19: {=X19*SUM(B$24*U19,B$26*V19,B$25*W19,B$27)*昂扬背水乘区(AB19,AC19)*SUM(1,AD19,AE19)*(1-敌方抗性+AF19)*(1+AG19)/IF($A$39="DPMP",ROUNDUP($B$30*(2-Z19),0),1)/IF($A$39="DPSMP",ROUNDUP($B$31*MAX(0.25,(2-Z19)/Y19),0),1)*防御乘区(AH19)} -> 641596.72 | U19: {=删BUFF取角色属性(U$18,ROWS($E$19:$E19))*(1+删BUFF取角色属性("属性伤",ROWS($E$19:$E19)))} -> 6096.6876 | V19: {=删BUFF取角色属性(V$18,ROWS($E$19:$E19))} -> 3388.6505 | W19: {=删BUFF取角色属性(W$18,ROWS($E$19:$E19))} -> 971.49024 | X19: {=删BUFF取角色属性(X$18,ROWS($E$19:$E19))} -> 8.01554 | Y19: {=删BUFF取角色属性(Y$18,ROWS($E$19:$E19))} -> 1.2 | Z19: {=删BUFF取角色属性(Z$18,ROWS($E$19:$E19))} -> 0 | AA19: {=删BUFF取角色属性(AA$18,ROWS($E$19:$E19))} -> 1.33594 | AB19: {=删BUFF取角色属性(AB$18,ROWS($E$19:$E19))} -> 0 | AC19: {=删BUFF取角色属性(AC$18,ROWS($E$19:$E19))} -> 0.83008 | ... AH19: {=删BUFF取角色属性(AH$18,ROWS($E$19:$E19))} -> 0 | AV19: 薰风吐息 | AW19: 暴虐 | AX19: 失速
A20: 武器伤害 | B20: =IFERROR(VLOOKUP($B$3,角色表[],MATCH(A20,角色表[#Headers],0),0),0) -> 0 | C20: {=取角色总属性(A20)} -> 0.5 | D20: =(B$39-T20)/T20 -> 0.0073633536 | G20: {=IFERROR(INDEX(BUFF表[#Headers],SMALL(_xlfn._xlws.FILTER(COLUMN(_xlfn.DROP(INDEX(BUFF表[],MATCH($E20,BUFF表[名称],0),),,MATCH("描述",BUFF表[#Headers],0)))*(_xlfn.DROP(INDEX(BUFF表[],MATCH($E20,BUFF表[名称],0),),,MATCH("描述",BUFF表[#Headers],0))<>""),COLUMN(_xlfn.DROP(INDEX(BUFF表[],MATCH($E20,BUFF表[名称],0),),,MATCH("描述",BUFF表[#Headers],0)))*(_xlfn.DROP(INDEX(BUFF表[],MATCH($E20,BUFF表[名称],0),),,MATCH("描述",BUFF表[#Headers],0))<>"")<>0),ROUNDUP(COLUMNS($G20:G20)/2,0))),"")} | H20: {=IFERROR(ROUND(IFERROR(1/VLOOKUP($E20,BUFF表[],MATCH("a",BUFF表[#Headers],0),0)*(1+1/VLOOKUP($E20,BUFF表[],MATCH("b",BUFF表[#Headers],0),0)*(IF($F20="",VLOOKUP($E20,BUFF表[],MATCH("dx",BUFF表[#Headers],0),0),$F20)-VLOOKUP($E20,BUFF表[],MATCH("lx",BUFF表[#Headers],0),0))),1)*INDEX(INDEX(BUFF表[],MATCH($E20,BUFF表[名称],0),),SMALL(_xlfn._xlws.FILTER(COLUMN(_xlfn.DROP(INDEX(BUFF表[],MATCH($E20,BUFF表[名称],0),),,MATCH("描述",BUFF表[#Headers],0)))*(_xlfn.DROP(INDEX(BUFF表[],MATCH($E20,BUFF表[名称],0),),,MATCH("描述",BUFF表[#Headers],0))<>""),COLUMN(_xlfn.DROP(INDEX(BUFF表[],MATCH($E20,BUFF表[名称],0),),,MATCH("描述",BUFF表[#Headers],0)))*(_xlfn.DROP(INDEX(BUFF表[],MATCH($E20,BUFF表[名称],0),),,MATCH("描述",BUFF表[#Headers],0))<>"")<>0),ROUNDUP(COLUMNS($G20:G20)/2,0))),3),"")} | I20: {=IFERROR(INDEX(BUFF表[#Headers],SMALL(_xlfn._xlws.FILTER(COLUMN(_xlfn.DROP(INDEX(BUFF表[],MATCH($E20,BUFF表[名称],0),),,MATCH("描述",BUFF表[#Headers],0)))*(_xlfn.DROP(INDEX(BUFF表[],MATCH($E20,BUFF表[名称],0),),,MATCH("描述",BUFF表[#Headers],0))<>""),COLUMN(_xlfn.DROP(INDEX(BUFF表[],MATCH($E20,BUFF表[名称],0),),,MATCH("描述",BUFF表[#Headers],0)))*(_xlfn.DROP(INDEX(BUFF表[],MATCH($E20,BUFF表[名称],0),),,MATCH("描述",BUFF表[#Headers],0))<>"")<>0),ROUNDUP(COLUMNS($G20:I20)/2,0))),"")} | J20: {=IFERROR(ROUND(IFERROR(1/VLOOKUP($E20,BUFF表[],MATCH("a",BUFF表[#Headers],0),0)*(1+1/VLOOKUP($E20,BUFF表[],MATCH("b",BUFF表[#Headers],0),0)*(IF($F20="",VLOOKUP($E20,BUFF表[],MATCH("dx",BUFF表[#Headers],0),0),$F20)-VLOOKUP($E20,BUFF表[],MATCH("lx",BUFF表[#Headers],0),0))),1)*INDEX(INDEX(BUFF表[],MATCH($E20,BUFF表[名称],0),),SMALL(_xlfn._xlws.FILTER(COLUMN(_xlfn.DROP(INDEX(BUFF表[],MATCH($E20,BUFF表[名称],0),),,MATCH("描述",BUFF表[#Headers],0)))*(_xlfn.DROP(INDEX(BUFF表[],MATCH($E20,BUFF表[名称],0),),,MATCH("描述",BUFF表[#Headers],0))<>""),COLUMN(_xlfn.DROP(INDEX(BUFF表[],MATCH($E20,BUFF表[名称],0),),,MATCH("描述",BUFF表[#Headers],0)))*(_xlfn.DROP(INDEX(BUFF表[],MATCH($E20,BUFF表[名称],0),),,MATCH("描述",BUFF表[#Headers],0))<>"")<>0),ROUNDUP(COLUMNS($G20:I20)/2,0))),3),"")} | K20: {=IFERROR(INDEX(BUFF表[#Headers],SMALL(_xlfn._xlws.FILTER(COLUMN(_xlfn.DROP(INDEX(BUFF表[],MATCH($E20,BUFF表[名称],0),),,MATCH("描述",BUFF表[#Headers],0)))*(_xlfn.DROP(INDEX(BUFF表[],MATCH($E20,BUFF表[名称],0),),,MATCH("描述",BUFF表[#Headers],0))<>""),COLUMN(_xlfn.DROP(INDEX(BUFF表[],MATCH($E20,BUFF表[名称],0),),,MATCH("描述",BUFF表[#Headers],0)))*(_xlfn.DROP(INDEX(BUFF表[],MATCH($E20,BUFF表[名称],0),),,MATCH("描述",BUFF表[#Headers],0))<>"")<>0),ROUNDUP(COLUMNS($G20:K20)/2,0))),"")} | L20: {=IFERROR(ROUND(IFERROR(1/VLOOKUP($E20,BUFF表[],MATCH("a",BUFF表[#Headers],0),0)*(1+1/VLOOKUP($E20,BUFF表[],MATCH("b",BUFF表[#Headers],0),0)*(IF($F20="",VLOOKUP($E20,BUFF表[],MATCH("dx",BUFF表[#Headers],0),0),$F20)-VLOOKUP($E20,BUFF表[],MATCH("lx",BUFF表[#Headers],0),0))),1)*INDEX(INDEX(BUFF表[],MATCH($E20,BUFF表[名称],0),),SMALL(_xlfn._xlws.FILTER(COLUMN(_xlfn.DROP(INDEX(BUFF表[],MATCH($E20,BUFF表[名称],0),),,MATCH("描述",BUFF表[#Headers],0)))*(_xlfn.DROP(INDEX(BUFF表[],MATCH($E20,BUFF表[名称],0),),,MATCH("描述",BUFF表[#Headers],0))<>""),COLUMN(_xlfn.DROP(INDEX(BUFF表[],MATCH($E20,BUFF表[名称],0),),,MATCH("描述",BUFF表[#Headers],0)))*(_xlfn.DROP(INDEX(BUFF表[],MATCH($E20,BUFF表[名称],0),),,MATCH("描述",BUFF表[#Headers],0))<>"")<>0),ROUNDUP(COLUMNS($G20:K20)/2,0))),3),"")} | M20: {=IFERROR(INDEX(BUFF表[#Headers],SMALL(_xlfn._xlws.FILTER(COLUMN(_xlfn.DROP(INDEX(BUFF表[],MATCH($E20,BUFF表[名称],0),),,MATCH("描述",BUFF表[#Headers],0)))*(_xlfn.DROP(INDEX(BUFF表[],MATCH($E20,BUFF表[名称],0),),,MATCH("描述",BUFF表[#Headers],0))<>""),COLUMN(_xlfn.DROP(INDEX(BUFF表[],MATCH($E20,BUFF表[名称],0),),,MATCH("描述",BUFF表[#Headers],0)))*(_xlfn.DROP(INDEX(BUFF表[],MATCH($E20,BUFF表[名称],0),),,MATCH("描述",BUFF表[#Headers],0))<>"")<>0),ROUNDUP(COLUMNS($G20:M20)/2,0))),"")} | N20: {=IFERROR(ROUND(IFERROR(1/VLOOKUP($E20,BUFF表[],MATCH("a",BUFF表[#Headers],0),0)*(1+1/VLOOKUP($E20,BUFF表[],MATCH("b",BUFF表[#Headers],0),0)*(IF($F20="",VLOOKUP($E20,BUFF表[],MATCH("dx",BUFF表[#Headers],0),0),$F20)-VLOOKUP($E20,BUFF表[],MATCH("lx",BUFF表[#Headers],0),0))),1)*INDEX(INDEX(BUFF表[],MATCH($E20,BUFF表[名称],0),),SMALL(_xlfn._xlws.FILTER(COLUMN(_xlfn.DROP(INDEX(BUFF表[],MATCH($E20,BUFF表[名称],0),),,MATCH("描述",BUFF表[#Headers],0)))*(_xlfn.DROP(INDEX(BUFF表[],MATCH($E20,BUFF表[名称],0),),,MATCH("描述",BUFF表[#Headers],0))<>""),COLUMN(_xlfn.DROP(INDEX(BUFF表[],MATCH($E20,BUFF表[名称],0),),,MATCH("描述",BUFF表[#Headers],0)))*(_xlfn.DROP(INDEX(BUFF表[],MATCH($E20,BUFF表[名称],0),),,MATCH("描述",BUFF表[#Headers],0))<>"")<>0),ROUNDUP(COLUMNS($G20:M20)/2,0))),3),"")} | O20: =IFERROR(VLOOKUP(E20,BUFF表[],MATCH("描述",BUFF表[#Headers],0),0),"") | T20: {=X20*SUM(B$24*U20,B$26*V20,B$25*W20,B$27)*昂扬背水乘区(AB20,AC20)*SUM(1,AD20,AE20)*(1-敌方抗性+AF20)*(1+AG20)/IF($A$39="DPMP",ROUNDUP($B$30*(2-Z20),0),1)/IF($A$39="DPSMP",ROUNDUP($B$31*MAX(0.25,(2-Z20)/Y20),0),1)*防御乘区(AH20)} -> 877096.43 | U20: {=删BUFF取角色属性(U$18,ROWS($E$19:$E20))*(1+删BUFF取角色属性("属性伤",ROWS($E$19:$E20)))} -> 6052.1237 | V20: {=$B$8*SUM(1,$H$3,IFERROR(VLOOKUP($B$3,角色表[],MATCH(V$18,角色表[#Headers],0),0),0),IFERROR((5+$D$60)/10*VLOOKUP(近战武器,近战武器表[],MATCH(V$18,近战武器表[#Headers],0),0),0),IFERROR((5+$D$92)/10*VLOOKUP(远程武器,远程武器表[],MATCH(V$18,远程武器表[#Headers],0),0),0),IFERROR(_xlfn.MAP(($J$7:$J$14+1)/IF($G$7:$G$14="金",11,IF($G$7:$G$14="绿",4,6)),_xlfn.LAMBDA(_xlpm.a,IF(_xlpm.a>1,1,_xlpm.a)))*_xlfn.MAP(角色MOD,_xlfn.LAMBDA(_xlpm.x,IF(ISNUMBER(MATCH(VLOOKUP(_xlpm.x,角色MOD表[],MATCH("系列",角色MOD表[#Headers],0),0),{"百首","狮鹫","契约者"},0)),1+SUM(IFERROR(VLOOKUP(_xlfn._xlws.FILTER(BUFF,_xlfn.SEQUENCE(ROWS(BUFF))<>ROWS($E$19:$E20)),BUFF表[],MATCH("MOD属性",BUFF表[#Headers],0),0),0)),1)))*VLOOKUP(角色MOD,角色MOD表[],MATCH(V$18,角色MOD表[#Headers],0),0),0),IFERROR(VLOOKUP(_xlfn._xlws.FILTER(BUFF,_xlfn.SEQUENCE(ROWS(BUFF))<>ROWS($E$19:$E20)),BUFF表[],MATCH(V$18,BUFF表[#Headers],0),0),0))} -> 3388.6505 | W20: {=$B$10*SUM(1,$H$3,IFERROR(VLOOKUP($B$3,角色表[],MATCH(W$18,角色表[#Headers],0),0),0),IFERROR((5+$D$60)/10*VLOOKUP(近战武器,近战武器表[],MATCH(W$18,近战武器表[#Headers],0),0),0),IFERROR((5+$D$92)/10*VLOOKUP(远程武器,远程武器表[],MATCH(W$18,远程武器表[#Headers],0),0),0),IFERROR(_xlfn.MAP(($J$7:$J$14+1)/IF($G$7:$G$14="金",11,IF($G$7:$G$14="绿",4,6)),_xlfn.LAMBDA(_xlpm.a,IF(_xlpm.a>1,1,_xlpm.a)))*_xlfn.MAP(角色MOD,_xlfn.LAMBDA(_xlpm.x,IF(ISNUMBER(MATCH(VLOOKUP(_xlpm.x,角色MOD表[],MATCH("系列",角色MOD表[#Headers],0),0),{"百首","狮鹫","契约者"},0)),1+SUM(IFERROR(VLOOKUP(_xlfn._xlws.FILTER(BUFF,_xlfn.SEQUENCE(ROWS(BUFF))<>ROWS($E$19:$E20)),BUFF表[],MATCH("MOD属性",BUFF表[#Headers],0),0),0)),1)))*VLOOKUP(角色MOD,角色MOD表[],MATCH(W$18,角色MOD表[#Headers],0),0),0),IFERROR(VLOOKUP(_xlfn._xlws.FILTER(BUFF,_xlfn.SEQUENCE(ROWS(BUFF))<>ROWS($E$19:$E20)),BUFF表[],MATCH(W$18,BUFF表[#Headers],0),0),0))} -> 971.49024 | X20: {=删BUFF取角色属性(X$18,ROWS($E$19:$E20))} -> 8.01554 | Y20: {=删BUFF取角色属性(Y$18,ROWS($E$19:$E20))} -> 1.2 | Z20: {=删BUFF取角色属性(Z$18,ROWS($E$19:$E20))} -> 0 | AA20: {=删BUFF取角色属性(AA$18,ROWS($E$19:$E20))} -> 1.33594 | AB20: {=删BUFF取角色属性(AB$18,ROWS($E$19:$E20))} -> 0 | AC20: {=删BUFF取角色属性(AC$18,ROWS($E$19:$E20))} -> 0.83008 | AD20: {=删BUFF取角色属性(AD$18,ROWS($E$19:$E20))} -> 2.25 | AE20: {=删BUFF取角色属性(AE$18,ROWS($E$19:$E20))} -> 0 | ... AH20: {=删BUFF取角色属性(AH$18,ROWS($E$19:$E20))} -> 0 | AV20: 紊乱气旋 | AW20: 狂热 | AX20: 怒火爆破
A21: 技能伤害 | B21: =IFERROR(VLOOKUP($B$3,角色表[],MATCH(A21,角色表[#Headers],0),0),0) -> 0 | C21: {=取角色总属性(A21)} -> 0 | D21: =(B$39-T21)/T21 -> 0.073419967 | E21: 全盛·振奋 | G21: {=IFERROR(INDEX(BUFF表[#Headers],SMALL(_xlfn._xlws.FILTER(COLUMN(_xlfn.DROP(INDEX(BUFF表[],MATCH($E21,BUFF表[名称],0),),,MATCH("描述",BUFF表[#Headers],0)))*(_xlfn.DROP(INDEX(BUFF表[],MATCH($E21,BUFF表[名称],0),),,MATCH("描述",BUFF表[#Headers],0))<>""),COLUMN(_xlfn.DROP(INDEX(BUFF表[],MATCH($E21,BUFF表[名称],0),),,MATCH("描述",BUFF表[#Headers],0)))*(_xlfn.DROP(INDEX(BUFF表[],MATCH($E21,BUFF表[名称],0),),,MATCH("描述",BUFF表[#Headers],0))<>"")<>0),ROUNDUP(COLUMNS($G21:G21)/2,0))),"")} -> 增伤 | H21: {=IFERROR(ROUND(IFERROR(1/VLOOKUP($E21,BUFF表[],MATCH("a",BUFF表[#Headers],0),0)*(1+1/VLOOKUP($E21,BUFF表[],MATCH("b",BUFF表[#Headers],0),0)*(IF($F21="",VLOOKUP($E21,BUFF表[],MATCH("dx",BUFF表[#Headers],0),0),$F21)-VLOOKUP($E21,BUFF表[],MATCH("lx",BUFF表[#Headers],0),0))),1)*INDEX(INDEX(BUFF表[],MATCH($E21,BUFF表[名称],0),),SMALL(_xlfn._xlws.FILTER(COLUMN(_xlfn.DROP(INDEX(BUFF表[],MATCH($E21,BUFF表[名称],0),),,MATCH("描述",BUFF表[#Headers],0)))*(_xlfn.DROP(INDEX(BUFF表[],MATCH($E21,BUFF表[名称],0),),,MATCH("描述",BUFF表[#Headers],0))<>""),COLUMN(_xlfn.DROP(INDEX(BUFF表[],MATCH($E21,BUFF表[名称],0),),,MATCH("描述",BUFF表[#Headers],0)))*(_xlfn.DROP(INDEX(BUFF表[],MATCH($E21,BUFF表[名称],0),),,MATCH("描述",BUFF表[#Headers],0))<>"")<>0),ROUNDUP(COLUMNS($G21:G21)/2,0))),3),"")} -> 0.2 | I21: {=IFERROR(INDEX(BUFF表[#Headers],SMALL(_xlfn._xlws.FILTER(COLUMN(_xlfn.DROP(INDEX(BUFF表[],MATCH($E21,BUFF表[名称],0),),,MATCH("描述",BUFF表[#Headers],0)))*(_xlfn.DROP(INDEX(BUFF表[],MATCH($E21,BUFF表[名称],0),),,MATCH("描述",BUFF表[#Headers],0))<>""),COLUMN(_xlfn.DROP(INDEX(BUFF表[],MATCH($E21,BUFF表[名称],0),),,MATCH("描述",BUFF表[#Headers],0)))*(_xlfn.DROP(INDEX(BUFF表[],MATCH($E21,BUFF表[名称],0),),,MATCH("描述",BUFF表[#Headers],0))<>"")<>0),ROUNDUP(COLUMNS($G21:I21)/2,0))),"")} | J21: {=IFERROR(ROUND(IFERROR(1/VLOOKUP($E21,BUFF表[],MATCH("a",BUFF表[#Headers],0),0)*(1+1/VLOOKUP($E21,BUFF表[],MATCH("b",BUFF表[#Headers],0),0)*(IF($F21="",VLOOKUP($E21,BUFF表[],MATCH("dx",BUFF表[#Headers],0),0),$F21)-VLOOKUP($E21,BUFF表[],MATCH("lx",BUFF表[#Headers],0),0))),1)*INDEX(INDEX(BUFF表[],MATCH($E21,BUFF表[名称],0),),SMALL(_xlfn._xlws.FILTER(COLUMN(_xlfn.DROP(INDEX(BUFF表[],MATCH($E21,BUFF表[名称],0),),,MATCH("描述",BUFF表[#Headers],0)))*(_xlfn.DROP(INDEX(BUFF表[],MATCH($E21,BUFF表[名称],0),),,MATCH("描述",BUFF表[#Headers],0))<>""),COLUMN(_xlfn.DROP(INDEX(BUFF表[],MATCH($E21,BUFF表[名称],0),),,MATCH("描述",BUFF表[#Headers],0)))*(_xlfn.DROP(INDEX(BUFF表[],MATCH($E21,BUFF表[名称],0),),,MATCH("描述",BUFF表[#Headers],0))<>"")<>0),ROUNDUP(COLUMNS($G21:I21)/2,0))),3),"")} | K21: {=IFERROR(INDEX(BUFF表[#Headers],SMALL(_xlfn._xlws.FILTER(COLUMN(_xlfn.DROP(INDEX(BUFF表[],MATCH($E21,BUFF表[名称],0),),,MATCH("描述",BUFF表[#Headers],0)))*(_xlfn.DROP(INDEX(BUFF表[],MATCH($E21,BUFF表[名称],0),),,MATCH("描述",BUFF表[#Headers],0))<>""),COLUMN(_xlfn.DROP(INDEX(BUFF表[],MATCH($E21,BUFF表[名称],0),),,MATCH("描述",BUFF表[#Headers],0)))*(_xlfn.DROP(INDEX(BUFF表[],MATCH($E21,BUFF表[名称],0),),,MATCH("描述",BUFF表[#Headers],0))<>"")<>0),ROUNDUP(COLUMNS($G21:K21)/2,0))),"")} | L21: {=IFERROR(ROUND(IFERROR(1/VLOOKUP($E21,BUFF表[],MATCH("a",BUFF表[#Headers],0),0)*(1+1/VLOOKUP($E21,BUFF表[],MATCH("b",BUFF表[#Headers],0),0)*(IF($F21="",VLOOKUP($E21,BUFF表[],MATCH("dx",BUFF表[#Headers],0),0),$F21)-VLOOKUP($E21,BUFF表[],MATCH("lx",BUFF表[#Headers],0),0))),1)*INDEX(INDEX(BUFF表[],MATCH($E21,BUFF表[名称],0),),SMALL(_xlfn._xlws.FILTER(COLUMN(_xlfn.DROP(INDEX(BUFF表[],MATCH($E21,BUFF表[名称],0),),,MATCH("描述",BUFF表[#Headers],0)))*(_xlfn.DROP(INDEX(BUFF表[],MATCH($E21,BUFF表[名称],0),),,MATCH("描述",BUFF表[#Headers],0))<>""),COLUMN(_xlfn.DROP(INDEX(BUFF表[],MATCH($E21,BUFF表[名称],0),),,MATCH("描述",BUFF表[#Headers],0)))*(_xlfn.DROP(INDEX(BUFF表[],MATCH($E21,BUFF表[名称],0),),,MATCH("描述",BUFF表[#Headers],0))<>"")<>0),ROUNDUP(COLUMNS($G21:K21)/2,0))),3),"")} | M21: {=IFERROR(INDEX(BUFF表[#Headers],SMALL(_xlfn._xlws.FILTER(COLUMN(_xlfn.DROP(INDEX(BUFF表[],MATCH($E21,BUFF表[名称],0),),,MATCH("描述",BUFF表[#Headers],0)))*(_xlfn.DROP(INDEX(BUFF表[],MATCH($E21,BUFF表[名称],0),),,MATCH("描述",BUFF表[#Headers],0))<>""),COLUMN(_xlfn.DROP(INDEX(BUFF表[],MATCH($E21,BUFF表[名称],0),),,MATCH("描述",BUFF表[#Headers],0)))*(_xlfn.DROP(INDEX(BUFF表[],MATCH($E21,BUFF表[名称],0),),,MATCH("描述",BUFF表[#Headers],0))<>"")<>0),ROUNDUP(COLUMNS($G21:M21)/2,0))),"")} | N21: {=IFERROR(ROUND(IFERROR(1/VLOOKUP($E21,BUFF表[],MATCH("a",BUFF表[#Headers],0),0)*(1+1/VLOOKUP($E21,BUFF表[],MATCH("b",BUFF表[#Headers],0),0)*(IF($F21="",VLOOKUP($E21,BUFF表[],MATCH("dx",BUFF表[#Headers],0),0),$F21)-VLOOKUP($E21,BUFF表[],MATCH("lx",BUFF表[#Headers],0),0))),1)*INDEX(INDEX(BUFF表[],MATCH($E21,BUFF表[名称],0),),SMALL(_xlfn._xlws.FILTER(COLUMN(_xlfn.DROP(INDEX(BUFF表[],MATCH($E21,BUFF表[名称],0),),,MATCH("描述",BUFF表[#Headers],0)))*(_xlfn.DROP(INDEX(BUFF表[],MATCH($E21,BUFF表[名称],0),),,MATCH("描述",BUFF表[#Headers],0))<>""),COLUMN(_xlfn.DROP(INDEX(BUFF表[],MATCH($E21,BUFF表[名称],0),),,MATCH("描述",BUFF表[#Headers],0)))*(_xlfn.DROP(INDEX(BUFF表[],MATCH($E21,BUFF表[名称],0),),,MATCH("描述",BUFF表[#Headers],0))<>"")<>0),ROUNDUP(COLUMNS($G21:M21)/2,0))),3),"")} | O21: =IFERROR(VLOOKUP(E21,BUFF表[],MATCH("描述",BUFF表[#Headers],0),0),"") -> 自身及队友造成的伤害提高20.0% | T21: {=X21*SUM(B$24*U21,B$26*V21,B$25*W21,B$27)*昂扬背水乘区(AB21,AC21)*SUM(1,AD21,AE21)*(1-敌方抗性+AF21)*(1+AG21)/IF($A$39="DPMP",ROUNDUP($B$30*(2-Z21),0),1)/IF($A$39="DPSMP",ROUNDUP($B$31*MAX(0.25,(2-Z21)/Y21),0),1)*防御乘区(AH21)} -> 823121.27 | U21: {=删BUFF取角色属性(U$18,ROWS($E$19:$E21))*(1+删BUFF取角色属性("属性伤",ROWS($E$19:$E21)))} -> 6052.1237 | V21: {=$B$8*SUM(1,$H$3,IFERROR(VLOOKUP($B$3,角色表[],MATCH(V$18,角色表[#Headers],0),0),0),IFERROR((5+$D$60)/10*VLOOKUP(近战武器,近战武器表[],MATCH(V$18,近战武器表[#Headers],0),0),0),IFERROR((5+$D$92)/10*VLOOKUP(远程武器,远程武器表[],MATCH(V$18,远程武器表[#Headers],0),0),0),IFERROR(_xlfn.MAP(($J$7:$J$14+1)/IF($G$7:$G$14="金",11,IF($G$7:$G$14="绿",4,6)),_xlfn.LAMBDA(_xlpm.a,IF(_xlpm.a>1,1,_xlpm.a)))*_xlfn.MAP(角色MOD,_xlfn.LAMBDA(_xlpm.x,IF(ISNUMBER(MATCH(VLOOKUP(_xlpm.x,角色MOD表[],MATCH("系列",角色MOD表[#Headers],0),0),{"百首","狮鹫","契约者"},0)),1+SUM(IFERROR(VLOOKUP(_xlfn._xlws.FILTER(BUFF,_xlfn.SEQUENCE(ROWS(BUFF))<>ROWS($E$19:$E21)),BUFF表[],MATCH("MOD属性",BUFF表[#Headers],0),0),0)),1)))*VLOOKUP(角色MOD,角色MOD表[],MATCH(V$18,角色MOD表[#Headers],0),0),0),IFERROR(VLOOKUP(_xlfn._xlws.FILTER(BUFF,_xlfn.SEQUENCE(ROWS(BUFF))<>ROWS($E$19:$E21)),BUFF表[],MATCH(V$18,BUFF表[#Headers],0),0),0))} -> 3388.6505 | W21: {=$B$10*SUM(1,$H$3,IFERROR(VLOOKUP($B$3,角色表[],MATCH(W$18,角色表[#Headers],0),0),0),IFERROR((5+$D$60)/10*VLOOKUP(近战武器,近战武器表[],MATCH(W$18,近战武器表[#Headers],0),0),0),IFERROR((5+$D$92)/10*VLOOKUP(远程武器,远程武器表[],MATCH(W$18,远程武器表[#Headers],0),0),0),IFERROR(_xlfn.MAP(($J$7:$J$14+1)/IF($G$7:$G$14="金",11,IF($G$7:$G$14="绿",4,6)),_xlfn.LAMBDA(_xlpm.a,IF(_xlpm.a>1,1,_xlpm.a)))*_xlfn.MAP(角色MOD,_xlfn.LAMBDA(_xlpm.x,IF(ISNUMBER(MATCH(VLOOKUP(_xlpm.x,角色MOD表[],MATCH("系列",角色MOD表[#Headers],0),0),{"百首","狮鹫","契约者"},0)),1+SUM(IFERROR(VLOOKUP(_xlfn._xlws.FILTER(BUFF,_xlfn.SEQUENCE(ROWS(BUFF))<>ROWS($E$19:$E21)),BUFF表[],MATCH("MOD属性",BUFF表[#Headers],0),0),0)),1)))*VLOOKUP(角色MOD,角色MOD表[],MATCH(W$18,角色MOD表[#Headers],0),0),0),IFERROR(VLOOKUP(_xlfn._xlws.FILTER(BUFF,_xlfn.SEQUENCE(ROWS(BUFF))<>ROWS($E$19:$E21)),BUFF表[],MATCH(W$18,BUFF表[#Headers],0),0),0))} -> 971.49024 | X21: {=删BUFF取角色属性(X$18,ROWS($E$19:$E21))} -> 8.01554 | Y21: {=删BUFF取角色属性(Y$18,ROWS($E$19:$E21))} -> 1.2 | Z21: {=删BUFF取角色属性(Z$18,ROWS($E$19:$E21))} -> 0 | AA21: {=删BUFF取角色属性(AA$18,ROWS($E$19:$E21))} -> 1.33594 | AB21: {=删BUFF取角色属性(AB$18,ROWS($E$19:$E21))} -> 0 | AC21: {=删BUFF取角色属性(AC$18,ROWS($E$19:$E21))} -> 0.83008 | AD21: {=删BUFF取角色属性(AD$18,ROWS($E$19:$E21))} -> 2.05 | AE21: {=删BUFF取角色属性(AE$18,ROWS($E$19:$E21))} -> 0 | ... AH21: {=删BUFF取角色属性(AH$18,ROWS($E$19:$E21))} -> 0 | AV21: 涅槃 | AW21: 连环·缠缚 | AX21: 怒火射线
A22: 属性穿透 | B22: 0 | C22: {=取角色总属性(A22)} -> 0.24 | D22: =(B$39-T22)/T22 -> 1.2154446 | E22: 赛琪被动 | F22: 10 | G22: {=IFERROR(INDEX(BUFF表[#Headers],SMALL(_xlfn._xlws.FILTER(COLUMN(_xlfn.DROP(INDEX(BUFF表[],MATCH($E22,BUFF表[名称],0),),,MATCH("描述",BUFF表[#Headers],0)))*(_xlfn.DROP(INDEX(BUFF表[],MATCH($E22,BUFF表[名称],0),),,MATCH("描述",BUFF表[#Headers],0))<>""),COLUMN(_xlfn.DROP(INDEX(BUFF表[],MATCH($E22,BUFF表[名称],0),),,MATCH("描述",BUFF表[#Headers],0)))*(_xlfn.DROP(INDEX(BUFF表[],MATCH($E22,BUFF表[名称],0),),,MATCH("描述",BUFF表[#Headers],0))<>"")<>0),ROUNDUP(COLUMNS($G22:G22)/2,0))),"")} -> 攻击 | H22: {=IFERROR(ROUND(IFERROR(1/VLOOKUP($E22,BUFF表[],MATCH("a",BUFF表[#Headers],0),0)*(1+1/VLOOKUP($E22,BUFF表[],MATCH("b",BUFF表[#Headers],0),0)*(IF($F22="",VLOOKUP($E22,BUFF表[],MATCH("dx",BUFF表[#Headers],0),0),$F22)-VLOOKUP($E22,BUFF表[],MATCH("lx",BUFF表[#Headers],0),0))),1)*INDEX(INDEX(BUFF表[],MATCH($E22,BUFF表[名称],0),),SMALL(_xlfn._xlws.FILTER(COLUMN(_xlfn.DROP(INDEX(BUFF表[],MATCH($E22,BUFF表[名称],0),),,MATCH("描述",BUFF表[#Headers],0)))*(_xlfn.DROP(INDEX(BUFF表[],MATCH($E22,BUFF表[名称],0),),,MATCH("描述",BUFF表[#Headers],0))<>""),COLUMN(_xlfn.DROP(INDEX(BUFF表[],MATCH($E22,BUFF表[名称],0),),,MATCH("描述",BUFF表[#Headers],0)))*(_xlfn.DROP(INDEX(BUFF表[],MATCH($E22,BUFF表[名称],0),),,MATCH("描述",BUFF表[#Headers],0))<>"")<>0),ROUNDUP(COLUMNS($G22:G22)/2,0))),3),"")} -> 1 | I22: {=IFERROR(INDEX(BUFF表[#Headers],SMALL(_xlfn._xlws.FILTER(COLUMN(_xlfn.DROP(INDEX(BUFF表[],MATCH($E22,BUFF表[名称],0),),,MATCH("描述",BUFF表[#Headers],0)))*(_xlfn.DROP(INDEX(BUFF表[],MATCH($E22,BUFF表[名称],0),),,MATCH("描述",BUFF表[#Headers],0))<>""),COLUMN(_xlfn.DROP(INDEX(BUFF表[],MATCH($E22,BUFF表[名称],0),),,MATCH("描述",BUFF表[#Headers],0)))*(_xlfn.DROP(INDEX(BUFF表[],MATCH($E22,BUFF表[名称],0),),,MATCH("描述",BUFF表[#Headers],0))<>"")<>0),ROUNDUP(COLUMNS($G22:I22)/2,0))),"")} -> 威力 | J22: {=IFERROR(ROUND(IFERROR(1/VLOOKUP($E22,BUFF表[],MATCH("a",BUFF表[#Headers],0),0)*(1+1/VLOOKUP($E22,BUFF表[],MATCH("b",BUFF表[#Headers],0),0)*(IF($F22="",VLOOKUP($E22,BUFF表[],MATCH("dx",BUFF表[#Headers],0),0),$F22)-VLOOKUP($E22,BUFF表[],MATCH("lx",BUFF表[#Headers],0),0))),1)*INDEX(INDEX(BUFF表[],MATCH($E22,BUFF表[名称],0),),SMALL(_xlfn._xlws.FILTER(COLUMN(_xlfn.DROP(INDEX(BUFF表[],MATCH($E22,BUFF表[名称],0),),,MATCH("描述",BUFF表[#Headers],0)))*(_xlfn.DROP(INDEX(BUFF表[],MATCH($E22,BUFF表[名称],0),),,MATCH("描述",BUFF表[#Headers],0))<>""),COLUMN(_xlfn.DROP(INDEX(BUFF表[],MATCH($E22,BUFF表[名称],0),),,MATCH("描述",BUFF表[#Headers],0)))*(_xlfn.DROP(INDEX(BUFF表[],MATCH($E22,BUFF表[名称],0),),,MATCH("描述",BUFF表[#Headers],0))<>"")<>0),ROUNDUP(COLUMNS($G22:I22)/2,0))),3),"")} -> 1 | K22: {=IFERROR(INDEX(BUFF表[#Headers],SMALL(_xlfn._xlws.FILTER(COLUMN(_xlfn.DROP(INDEX(BUFF表[],MATCH($E22,BUFF表[名称],0),),,MATCH("描述",BUFF表[#Headers],0)))*(_xlfn.DROP(INDEX(BUFF表[],MATCH($E22,BUFF表[名称],0),),,MATCH("描述",BUFF表[#Headers],0))<>""),COLUMN(_xlfn.DROP(INDEX(BUFF表[],MATCH($E22,BUFF表[名称],0),),,MATCH("描述",BUFF表[#Headers],0)))*(_xlfn.DROP(INDEX(BUFF表[],MATCH($E22,BUFF表[名称],0),),,MATCH("描述",BUFF表[#Headers],0))<>"")<>0),ROUNDUP(COLUMNS($G22:K22)/2,0))),"")} -> 背水 | L22: {=IFERROR(ROUND(IFERROR(1/VLOOKUP($E22,BUFF表[],MATCH("a",BUFF表[#Headers],0),0)*(1+1/VLOOKUP($E22,BUFF表[],MATCH("b",BUFF表[#Headers],0),0)*(IF($F22="",VLOOKUP($E22,BUFF表[],MATCH("dx",BUFF表[#Headers],0),0),$F22)-VLOOKUP($E22,BUFF表[],MATCH("lx",BUFF表[#Headers],0),0))),1)*INDEX(INDEX(BUFF表[],MATCH($E22,BUFF表[名称],0),),SMALL(_xlfn._xlws.FILTER(COLUMN(_xlfn.DROP(INDEX(BUFF表[],MATCH($E22,BUFF表[名称],0),),,MATCH("描述",BUFF表[#Headers],0)))*(_xlfn.DROP(INDEX(BUFF表[],MATCH($E22,BUFF表[名称],0),),,MATCH("描述",BUFF表[#Headers],0))<>""),COLUMN(_xlfn.DROP(INDEX(BUFF表[],MATCH($E22,BUFF表[名称],0),),,MATCH("描述",BUFF表[#Headers],0)))*(_xlfn.DROP(INDEX(BUFF表[],MATCH($E22,BUFF表[名称],0),),,MATCH("描述",BUFF表[#Headers],0))<>"")<>0),ROUNDUP(COLUMNS($G22:K22)/2,0))),3),"")} -> 0.4 | M22: {=IFERROR(INDEX(BUFF表[#Headers],SMALL(_xlfn._xlws.FILTER(COLUMN(_xlfn.DROP(INDEX(BUFF表[],MATCH($E22,BUFF表[名称],0),),,MATCH("描述",BUFF表[#Headers],0)))*(_xlfn.DROP(INDEX(BUFF表[],MATCH($E22,BUFF表[名称],0),),,MATCH("描述",BUFF表[#Headers],0))<>""),COLUMN(_xlfn.DROP(INDEX(BUFF表[],MATCH($E22,BUFF表[名称],0),),,MATCH("描述",BUFF表[#Headers],0)))*(_xlfn.DROP(INDEX(BUFF表[],MATCH($E22,BUFF表[名称],0),),,MATCH("描述",BUFF表[#Headers],0))<>"")<>0),ROUNDUP(COLUMNS($G22:M22)/2,0))),"")} -> 增伤 | N22: {=IFERROR(ROUND(IFERROR(1/VLOOKUP($E22,BUFF表[],MATCH("a",BUFF表[#Headers],0),0)*(1+1/VLOOKUP($E22,BUFF表[],MATCH("b",BUFF表[#Headers],0),0)*(IF($F22="",VLOOKUP($E22,BUFF表[],MATCH("dx",BUFF表[#Headers],0),0),$F22)-VLOOKUP($E22,BUFF表[],MATCH("lx",BUFF表[#Headers],0),0))),1)*INDEX(INDEX(BUFF表[],MATCH($E22,BUFF表[名称],0),),SMALL(_xlfn._xlws.FILTER(COLUMN(_xlfn.DROP(INDEX(BUFF表[],MATCH($E22,BUFF表[名称],0),),,MATCH("描述",BUFF表[#Headers],0)))*(_xlfn.DROP(INDEX(BUFF表[],MATCH($E22,BUFF表[名称],0),),,MATCH("描述",BUFF表[#Headers],0))<>""),COLUMN(_xlfn.DROP(INDEX(BUFF表[],MATCH($E22,BUFF表[名称],0),),,MATCH("描述",BUFF表[#Headers],0)))*(_xlfn.DROP(INDEX(BUFF表[],MATCH($E22,BUFF表[名称],0),),,MATCH("描述",BUFF表[#Headers],0))<>"")<>0),ROUNDUP(COLUMNS($G22:M22)/2,0))),3),"")} -> 0.36 | O22: =IFERROR(VLOOKUP(E22,BUFF表[],MATCH("描述",BUFF表[#Headers],0),0),"") -> 造成的伤害暴击时，随机获得攻击提高、技能威力提高、背水提高效果中1个。基于自身的增益效果的数量，提高造成的伤害，最多计算12个增益效果。 | T22: {=X22*SUM(B$24*U22,B$26*V22,B$25*W22,B$27)*昂扬背水乘区(AB22,AC22)*SUM(1,AD22,AE22)*(1-敌方抗性+AF22)*(1+AG22)/IF($A$39="DPMP",ROUNDUP($B$30*(2-Z22),0),1)/IF($A$39="DPSMP",ROUNDUP($B$31*MAX(0.25,(2-Z22)/Y22),0),1)*防御乘区(AH22)} -> 398816.03 | U22: {=删BUFF取角色属性(U$18,ROWS($E$19:$E22))*(1+删BUFF取角色属性("属性伤",ROWS($E$19:$E22)))} -> 5565.7242 | V22: {=$B$8*SUM(1,$H$3,IFERROR(VLOOKUP($B$3,角色表[],MATCH(V$18,角色表[#Headers],0),0),0),IFERROR((5+$D$60)/10*VLOOKUP(近战武器,近战武器表[],MATCH(V$18,近战武器表[#Headers],0),0),0),IFERROR((5+$D$92)/10*VLOOKUP(远程武器,远程武器表[],MATCH(V$18,远程武器表[#Headers],0),0),0),IFERROR(_xlfn.MAP(($J$7:$J$14+1)/IF($G$7:$G$14="金",11,IF($G$7:$G$14="绿",4,6)),_xlfn.LAMBDA(_xlpm.a,IF(_xlpm.a>1,1,_xlpm.a)))*_xlfn.MAP(角色MOD,_xlfn.LAMBDA(_xlpm.x,IF(ISNUMBER(MATCH(VLOOKUP(_xlpm.x,角色MOD表[],MATCH("系列",角色MOD表[#Headers],0),0),{"百首","狮鹫","契约者"},0)),1+SUM(IFERROR(VLOOKUP(_xlfn._xlws.FILTER(BUFF,_xlfn.SEQUENCE(ROWS(BUFF))<>ROWS($E$19:$E22)),BUFF表[],MATCH("MOD属性",BUFF表[#Headers],0),0),0)),1)))*VLOOKUP(角色MOD,角色MOD表[],MATCH(V$18,角色MOD表[#Headers],0),0),0),IFERROR(VLOOKUP(_xlfn._xlws.FILTER(BUFF,_xlfn.SEQUENCE(ROWS(BUFF))<>ROWS($E$19:$E22)),BUFF表[],MATCH(V$18,BUFF表[#Headers],0),0),0))} -> 3388.6505 | W22: {=$B$10*SUM(1,$H$3,IFERROR(VLOOKUP($B$3,角色表[],MATCH(W$18,角色表[#Headers],0),0),0),IFERROR((5+$D$60)/10*VLOOKUP(近战武器,近战武器表[],MATCH(W$18,近战武器表[#Headers],0),0),0),IFERROR((5+$D$92)/10*VLOOKUP(远程武器,远程武器表[],MATCH(W$18,远程武器表[#Headers],0),0),0),IFERROR(_xlfn.MAP(($J$7:$J$14+1)/IF($G$7:$G$14="金",11,IF($G$7:$G$14="绿",4,6)),_xlfn.LAMBDA(_xlpm.a,IF(_xlpm.a>1,1,_xlpm.a)))*_xlfn.MAP(角色MOD,_xlfn.LAMBDA(_xlpm.x,IF(ISNUMBER(MATCH(VLOOKUP(_xlpm.x,角色MOD表[],MATCH("系列",角色MOD表[#Headers],0),0),{"百首","狮鹫","契约者"},0)),1+SUM(IFERROR(VLOOKUP(_xlfn._xlws.FILTER(BUFF,_xlfn.SEQUENCE(ROWS(BUFF))<>ROWS($E$19:$E22)),BUFF表[],MATCH("MOD属性",BUFF表[#Headers],0),0),0)),1)))*VLOOKUP(角色MOD,角色MOD表[],MATCH(W$18,角色MOD表[#Headers],0),0),0),IFERROR(VLOOKUP(_xlfn._xlws.FILTER(BUFF,_xlfn.SEQUENCE(ROWS(BUFF))<>ROWS($E$19:$E22)),BUFF表[],MATCH(W$18,BUFF表[#Headers],0),0),0))} -> 971.49024 | X22: {=删BUFF取角色属性(X$18,ROWS($E$19:$E22))} -> 7.01554 | Y22: {=删BUFF取角色属性(Y$18,ROWS($E$19:$E22))} -> 1.2 | Z22: {=删BUFF取角色属性(Z$18,ROWS($E$19:$E22))} -> 0 | AA22: {=删BUFF取角色属性(AA$18,ROWS($E$19:$E22))} -> 1.33594 | AB22: {=删BUFF取角色属性(AB$18,ROWS($E$19:$E22))} -> 0 | AC22: {=删BUFF取角色属性(AC$18,ROWS($E$19:$E22))} -> 0.43008 | AD22: {=删BUFF取角色属性(AD$18,ROWS($E$19:$E22))} -> 1.89 | AE22: {=删BUFF取角色属性(AE$18,ROWS($E$19:$E22))} -> 0 | ... AH22: {=删BUFF取角色属性(AH$18,ROWS($E$19:$E22))} -> 0 | AV22: 庇佑 | AW22: 狩猎秽兽 | AX22: 聚焦
A23: 技能名称 | B23: 鳞粉印记(E) | C23: 10 | D23: =(B$39-T23)/T23 -> 0.15095363 | E23: 第二期深渊 | G23: {=IFERROR(INDEX(BUFF表[#Headers],SMALL(_xlfn._xlws.FILTER(COLUMN(_xlfn.DROP(INDEX(BUFF表[],MATCH($E23,BUFF表[名称],0),),,MATCH("描述",BUFF表[#Headers],0)))*(_xlfn.DROP(INDEX(BUFF表[],MATCH($E23,BUFF表[名称],0),),,MATCH("描述",BUFF表[#Headers],0))<>""),COLUMN(_xlfn.DROP(INDEX(BUFF表[],MATCH($E23,BUFF表[名称],0),),,MATCH("描述",BUFF表[#Headers],0)))*(_xlfn.DROP(INDEX(BUFF表[],MATCH($E23,BUFF表[名称],0),),,MATCH("描述",BUFF表[#Headers],0))<>"")<>0),ROUNDUP(COLUMNS($G23:G23)/2,0))),"")} -> 威力 | H23: {=IFERROR(ROUND(IFERROR(1/VLOOKUP($E23,BUFF表[],MATCH("a",BUFF表[#Headers],0),0)*(1+1/VLOOKUP($E23,BUFF表[],MATCH("b",BUFF表[#Headers],0),0)*(IF($F23="",VLOOKUP($E23,BUFF表[],MATCH("dx",BUFF表[#Headers],0),0),$F23)-VLOOKUP($E23,BUFF表[],MATCH("lx",BUFF表[#Headers],0),0))),1)*INDEX(INDEX(BUFF表[],MATCH($E23,BUFF表[名称],0),),SMALL(_xlfn._xlws.FILTER(COLUMN(_xlfn.DROP(INDEX(BUFF表[],MATCH($E23,BUFF表[名称],0),),,MATCH("描述",BUFF表[#Headers],0)))*(_xlfn.DROP(INDEX(BUFF表[],MATCH($E23,BUFF表[名称],0),),,MATCH("描述",BUFF表[#Headers],0))<>""),COLUMN(_xlfn.DROP(INDEX(BUFF表[],MATCH($E23,BUFF表[名称],0),),,MATCH("描述",BUFF表[#Headers],0)))*(_xlfn.DROP(INDEX(BUFF表[],MATCH($E23,BUFF表[名称],0),),,MATCH("描述",BUFF表[#Headers],0))<>"")<>0),ROUNDUP(COLUMNS($G23:G23)/2,0))),3),"")} -> 1 | I23: {=IFERROR(INDEX(BUFF表[#Headers],SMALL(_xlfn._xlws.FILTER(COLUMN(_xlfn.DROP(INDEX(BUFF表[],MATCH($E23,BUFF表[名称],0),),,MATCH("描述",BUFF表[#Headers],0)))*(_xlfn.DROP(INDEX(BUFF表[],MATCH($E23,BUFF表[名称],0),),,MATCH("描述",BUFF表[#Headers],0))<>""),COLUMN(_xlfn.DROP(INDEX(BUFF表[],MATCH($E23,BUFF表[名称],0),),,MATCH("描述",BUFF表[#Headers],0)))*(_xlfn.DROP(INDEX(BUFF表[],MATCH($E23,BUFF表[名称],0),),,MATCH("描述",BUFF表[#Headers],0))<>"")<>0),ROUNDUP(COLUMNS($G23:I23)/2,0))),"")} -> 武器伤害 | J23: {=IFERROR(ROUND(IFERROR(1/VLOOKUP($E23,BUFF表[],MATCH("a",BUFF表[#Headers],0),0)*(1+1/VLOOKUP($E23,BUFF表[],MATCH("b",BUFF表[#Headers],0),0)*(IF($F23="",VLOOKUP($E23,BUFF表[],MATCH("dx",BUFF表[#Headers],0),0),$F23)-VLOOKUP($E23,BUFF表[],MATCH("lx",BUFF表[#Headers],0),0))),1)*INDEX(INDEX(BUFF表[],MATCH($E23,BUFF表[名称],0),),SMALL(_xlfn._xlws.FILTER(COLUMN(_xlfn.DROP(INDEX(BUFF表[],MATCH($E23,BUFF表[名称],0),),,MATCH("描述",BUFF表[#Headers],0)))*(_xlfn.DROP(INDEX(BUFF表[],MATCH($E23,BUFF表[名称],0),),,MATCH("描述",BUFF表[#Headers],0))<>""),COLUMN(_xlfn.DROP(INDEX(BUFF表[],MATCH($E23,BUFF表[名称],0),),,MATCH("描述",BUFF表[#Headers],0)))*(_xlfn.DROP(INDEX(BUFF表[],MATCH($E23,BUFF表[名称],0),),,MATCH("描述",BUFF表[#Headers],0))<>"")<>0),ROUNDUP(COLUMNS($G23:I23)/2,0))),3),"")} -> 0.5 | K23: {=IFERROR(INDEX(BUFF表[#Headers],SMALL(_xlfn._xlws.FILTER(COLUMN(_xlfn.DROP(INDEX(BUFF表[],MATCH($E23,BUFF表[名称],0),),,MATCH("描述",BUFF表[#Headers],0)))*(_xlfn.DROP(INDEX(BUFF表[],MATCH($E23,BUFF表[名称],0),),,MATCH("描述",BUFF表[#Headers],0))<>""),COLUMN(_xlfn.DROP(INDEX(BUFF表[],MATCH($E23,BUFF表[名称],0),),,MATCH("描述",BUFF表[#Headers],0)))*(_xlfn.DROP(INDEX(BUFF表[],MATCH($E23,BUFF表[名称],0),),,MATCH("描述",BUFF表[#Headers],0))<>"")<>0),ROUNDUP(COLUMNS($G23:K23)/2,0))),"")} -> 暴击 | L23: {=IFERROR(ROUND(IFERROR(1/VLOOKUP($E23,BUFF表[],MATCH("a",BUFF表[#Headers],0),0)*(1+1/VLOOKUP($E23,BUFF表[],MATCH("b",BUFF表[#Headers],0),0)*(IF($F23="",VLOOKUP($E23,BUFF表[],MATCH("dx",BUFF表[#Headers],0),0),$F23)-VLOOKUP($E23,BUFF表[],MATCH("lx",BUFF表[#Headers],0),0))),1)*INDEX(INDEX(BUFF表[],MATCH($E23,BUFF表[名称],0),),SMALL(_xlfn._xlws.FILTER(COLUMN(_xlfn.DROP(INDEX(BUFF表[],MATCH($E23,BUFF表[名称],0),),,MATCH("描述",BUFF表[#Headers],0)))*(_xlfn.DROP(INDEX(BUFF表[],MATCH($E23,BUFF表[名称],0),),,MATCH("描述",BUFF表[#Headers],0))<>""),COLUMN(_xlfn.DROP(INDEX(BUFF表[],MATCH($E23,BUFF表[名称],0),),,MATCH("描述",BUFF表[#Headers],0)))*(_xlfn.DROP(INDEX(BUFF表[],MATCH($E23,BUFF表[名称],0),),,MATCH("描述",BUFF表[#Headers],0))<>"")<>0),ROUNDUP(COLUMNS($G23:K23)/2,0))),3),"")} -> 0.4 | M23: {=IFERROR(INDEX(BUFF表[#Headers],SMALL(_xlfn._xlws.FILTER(COLUMN(_xlfn.DROP(INDEX(BUFF表[],MATCH($E23,BUFF表[名称],0),),,MATCH("描述",BUFF表[#Headers],0)))*(_xlfn.DROP(INDEX(BUFF表[],MATCH($E23,BUFF表[名称],0),),,MATCH("描述",BUFF表[#Headers],0))<>""),COLUMN(_xlfn.DROP(INDEX(BUFF表[],MATCH($E23,BUFF表[名称],0),),,MATCH("描述",BUFF表[#Headers],0)))*(_xlfn.DROP(INDEX(BUFF表[],MATCH($E23,BUFF表[名称],0),),,MATCH("描述",BUFF表[#Headers],0))<>"")<>0),ROUNDUP(COLUMNS($G23:M23)/2,0))),"")} -> 暴伤 | N23: {=IFERROR(ROUND(IFERROR(1/VLOOKUP($E23,BUFF表[],MATCH("a",BUFF表[#Headers],0),0)*(1+1/VLOOKUP($E23,BUFF表[],MATCH("b",BUFF表[#Headers],0),0)*(IF($F23="",VLOOKUP($E23,BUFF表[],MATCH("dx",BUFF表[#Headers],0),0),$F23)-VLOOKUP($E23,BUFF表[],MATCH("lx",BUFF表[#Headers],0),0))),1)*INDEX(INDEX(BUFF表[],MATCH($E23,BUFF表[名称],0),),SMALL(_xlfn._xlws.FILTER(COLUMN(_xlfn.DROP(INDEX(BUFF表[],MATCH($E23,BUFF表[名称],0),),,MATCH("描述",BUFF表[#Headers],0)))*(_xlfn.DROP(INDEX(BUFF表[],MATCH($E23,BUFF表[名称],0),),,MATCH("描述",BUFF表[#Headers],0))<>""),COLUMN(_xlfn.DROP(INDEX(BUFF表[],MATCH($E23,BUFF表[名称],0),),,MATCH("描述",BUFF表[#Headers],0)))*(_xlfn.DROP(INDEX(BUFF表[],MATCH($E23,BUFF表[名称],0),),,MATCH("描述",BUFF表[#Headers],0))<>"")<>0),ROUNDUP(COLUMNS($G23:M23)/2,0))),3),"")} -> -0.5 | O23: =IFERROR(VLOOKUP(E23,BUFF表[],MATCH("描述",BUFF表[#Headers],0),0),"") -> 深渊BUFF(11/25-12-23) | T23: {=X23*SUM(B$24*U23,B$26*V23,B$25*W23,B$27)*昂扬背水乘区(AB23,AC23)*SUM(1,AD23,AE23)*(1-敌方抗性+AF23)*(1+AG23)/IF($A$39="DPMP",ROUNDUP($B$30*(2-Z23),0),1)/IF($A$39="DPSMP",ROUNDUP($B$31*MAX(0.25,(2-Z23)/Y23),0),1)*防御乘区(AH23)} -> 767671.94 | U23: {=删BUFF取角色属性(U$18,ROWS($E$19:$E23))*(1+删BUFF取角色属性("属性伤",ROWS($E$19:$E23)))} -> 6052.1237 | V23: {=$B$8*SUM(1,$H$3,IFERROR(VLOOKUP($B$3,角色表[],MATCH(V$18,角色表[#Headers],0),0),0),IFERROR((5+$D$60)/10*VLOOKUP(近战武器,近战武器表[],MATCH(V$18,近战武器表[#Headers],0),0),0),IFERROR((5+$D$92)/10*VLOOKUP(远程武器,远程武器表[],MATCH(V$18,远程武器表[#Headers],0),0),0),IFERROR(_xlfn.MAP(($J$7:$J$14+1)/IF($G$7:$G$14="金",11,IF($G$7:$G$14="绿",4,6)),_xlfn.LAMBDA(_xlpm.a,IF(_xlpm.a>1,1,_xlpm.a)))*_xlfn.MAP(角色MOD,_xlfn.LAMBDA(_xlpm.x,IF(ISNUMBER(MATCH(VLOOKUP(_xlpm.x,角色MOD表[],MATCH("系列",角色MOD表[#Headers],0),0),{"百首","狮鹫","契约者"},0)),1+SUM(IFERROR(VLOOKUP(_xlfn._xlws.FILTER(BUFF,_xlfn.SEQUENCE(ROWS(BUFF))<>ROWS($E$19:$E23)),BUFF表[],MATCH("MOD属性",BUFF表[#Headers],0),0),0)),1)))*VLOOKUP(角色MOD,角色MOD表[],MATCH(V$18,角色MOD表[#Headers],0),0),0),IFERROR(VLOOKUP(_xlfn._xlws.FILTER(BUFF,_xlfn.SEQUENCE(ROWS(BUFF))<>ROWS($E$19:$E23)),BUFF表[],MATCH(V$18,BUFF表[#Headers],0),0),0))} -> 3388.6505 | W23: {=$B$10*SUM(1,$H$3,IFERROR(VLOOKUP($B$3,角色表[],MATCH(W$18,角色表[#Headers],0),0),0),IFERROR((5+$D$60)/10*VLOOKUP(近战武器,近战武器表[],MATCH(W$18,近战武器表[#Headers],0),0),0),IFERROR((5+$D$92)/10*VLOOKUP(远程武器,远程武器表[],MATCH(W$18,远程武器表[#Headers],0),0),0),IFERROR(_xlfn.MAP(($J$7:$J$14+1)/IF($G$7:$G$14="金",11,IF($G$7:$G$14="绿",4,6)),_xlfn.LAMBDA(_xlpm.a,IF(_xlpm.a>1,1,_xlpm.a)))*_xlfn.MAP(角色MOD,_xlfn.LAMBDA(_xlpm.x,IF(ISNUMBER(MATCH(VLOOKUP(_xlpm.x,角色MOD表[],MATCH("系列",角色MOD表[#Headers],0),0),{"百首","狮鹫","契约者"},0)),1+SUM(IFERROR(VLOOKUP(_xlfn._xlws.FILTER(BUFF,_xlfn.SEQUENCE(ROWS(BUFF))<>ROWS($E$19:$E23)),BUFF表[],MATCH("MOD属性",BUFF表[#Headers],0),0),0)),1)))*VLOOKUP(角色MOD,角色MOD表[],MATCH(W$18,角色MOD表[#Headers],0),0),0),IFERROR(VLOOKUP(_xlfn._xlws.FILTER(BUFF,_xlfn.SEQUENCE(ROWS(BUFF))<>ROWS($E$19:$E23)),BUFF表[],MATCH(W$18,BUFF表[#Headers],0),0),0))} -> 971.49024 | X23: {=删BUFF取角色属性(X$18,ROWS($E$19:$E23))} -> 7.01554 | Y23: {=删BUFF取角色属性(Y$18,ROWS($E$19:$E23))} -> 1.2 | Z23: {=删BUFF取角色属性(Z$18,ROWS($E$19:$E23))} -> 0 | AA23: {=删BUFF取角色属性(AA$18,ROWS($E$19:$E23))} -> 1.33594 | AB23: {=删BUFF取角色属性(AB$18,ROWS($E$19:$E23))} -> 0 | AC23: {=删BUFF取角色属性(AC$18,ROWS($E$19:$E23))} -> 0.83008 | AD23: {=删BUFF取角色属性(AD$18,ROWS($E$19:$E23))} -> 2.25 | AE23: {=删BUFF取角色属性(AE$18,ROWS($E$19:$E23))} -> 0 | ... AH23: {=删BUFF取角色属性(AH$18,ROWS($E$19:$E23))} -> 0 | AV23: 坚守 | AW23: 狩猎军团 | AX23: 割裂
A24: 攻击倍率 | B24: {=IFERROR(_xlfn.MAP(INDEX(技能表[],MATCH(1,(技能表[名称]=B$23)*(技能表[等级]=1),0),MATCH(A24,技能表[#Headers],0)),INDEX(技能表[],MATCH(1,(技能表[名称]=B$23)*(技能表[等级]=10),0),MATCH(A24,技能表[#Headers],0)),_xlfn.LAMBDA(_xlpm.a,_xlpm.b,_xlpm.a*(1+(_xlpm.b/_xlpm.a-1)/9*(C$23-1)))),0)} -> 0.37 | C24: =B24*$C$12 -> 2.9657498 | D24: =(B$39-T24)/T24 -> 0.035594674 | E24: 弧光百劫BUFF | G24: {=IFERROR(INDEX(BUFF表[#Headers],SMALL(_xlfn._xlws.FILTER(COLUMN(_xlfn.DROP(INDEX(BUFF表[],MATCH($E24,BUFF表[名称],0),),,MATCH("描述",BUFF表[#Headers],0)))*(_xlfn.DROP(INDEX(BUFF表[],MATCH($E24,BUFF表[名称],0),),,MATCH("描述",BUFF表[#Headers],0))<>""),COLUMN(_xlfn.DROP(INDEX(BUFF表[],MATCH($E24,BUFF表[名称],0),),,MATCH("描述",BUFF表[#Headers],0)))*(_xlfn.DROP(INDEX(BUFF表[],MATCH($E24,BUFF表[名称],0),),,MATCH("描述",BUFF表[#Headers],0))<>"")<>0),ROUNDUP(COLUMNS($G24:G24)/2,0))),"")} -> 攻击 | H24: {=IFERROR(ROUND(IFERROR(1/VLOOKUP($E24,BUFF表[],MATCH("a",BUFF表[#Headers],0),0)*(1+1/VLOOKUP($E24,BUFF表[],MATCH("b",BUFF表[#Headers],0),0)*(IF($F24="",VLOOKUP($E24,BUFF表[],MATCH("dx",BUFF表[#Headers],0),0),$F24)-VLOOKUP($E24,BUFF表[],MATCH("lx",BUFF表[#Headers],0),0))),1)*INDEX(INDEX(BUFF表[],MATCH($E24,BUFF表[名称],0),),SMALL(_xlfn._xlws.FILTER(COLUMN(_xlfn.DROP(INDEX(BUFF表[],MATCH($E24,BUFF表[名称],0),),,MATCH("描述",BUFF表[#Headers],0)))*(_xlfn.DROP(INDEX(BUFF表[],MATCH($E24,BUFF表[名称],0),),,MATCH("描述",BUFF表[#Headers],0))<>""),COLUMN(_xlfn.DROP(INDEX(BUFF表[],MATCH($E24,BUFF表[名称],0),),,MATCH("描述",BUFF表[#Headers],0)))*(_xlfn.DROP(INDEX(BUFF表[],MATCH($E24,BUFF表[名称],0),),,MATCH("描述",BUFF表[#Headers],0))<>"")<>0),ROUNDUP(COLUMNS($G24:G24)/2,0))),3),"")} -> 0.2 | I24: {=IFERROR(INDEX(BUFF表[#Headers],SMALL(_xlfn._xlws.FILTER(COLUMN(_xlfn.DROP(INDEX(BUFF表[],MATCH($E24,BUFF表[名称],0),),,MATCH("描述",BUFF表[#Headers],0)))*(_xlfn.DROP(INDEX(BUFF表[],MATCH($E24,BUFF表[名称],0),),,MATCH("描述",BUFF表[#Headers],0))<>""),COLUMN(_xlfn.DROP(INDEX(BUFF表[],MATCH($E24,BUFF表[名称],0),),,MATCH("描述",BUFF表[#Headers],0)))*(_xlfn.DROP(INDEX(BUFF表[],MATCH($E24,BUFF表[名称],0),),,MATCH("描述",BUFF表[#Headers],0))<>"")<>0),ROUNDUP(COLUMNS($G24:I24)/2,0))),"")} -> 威力 | J24: {=IFERROR(ROUND(IFERROR(1/VLOOKUP($E24,BUFF表[],MATCH("a",BUFF表[#Headers],0),0)*(1+1/VLOOKUP($E24,BUFF表[],MATCH("b",BUFF表[#Headers],0),0)*(IF($F24="",VLOOKUP($E24,BUFF表[],MATCH("dx",BUFF表[#Headers],0),0),$F24)-VLOOKUP($E24,BUFF表[],MATCH("lx",BUFF表[#Headers],0),0))),1)*INDEX(INDEX(BUFF表[],MATCH($E24,BUFF表[名称],0),),SMALL(_xlfn._xlws.FILTER(COLUMN(_xlfn.DROP(INDEX(BUFF表[],MATCH($E24,BUFF表[名称],0),),,MATCH("描述",BUFF表[#Headers],0)))*(_xlfn.DROP(INDEX(BUFF表[],MATCH($E24,BUFF表[名称],0),),,MATCH("描述",BUFF表[#Headers],0))<>""),COLUMN(_xlfn.DROP(INDEX(BUFF表[],MATCH($E24,BUFF表[名称],0),),,MATCH("描述",BUFF表[#Headers],0)))*(_xlfn.DROP(INDEX(BUFF表[],MATCH($E24,BUFF表[名称],0),),,MATCH("描述",BUFF表[#Headers],0))<>"")<>0),ROUNDUP(COLUMNS($G24:I24)/2,0))),3),"")} -> 0.15 | K24: {=IFERROR(INDEX(BUFF表[#Headers],SMALL(_xlfn._xlws.FILTER(COLUMN(_xlfn.DROP(INDEX(BUFF表[],MATCH($E24,BUFF表[名称],0),),,MATCH("描述",BUFF表[#Headers],0)))*(_xlfn.DROP(INDEX(BUFF表[],MATCH($E24,BUFF表[名称],0),),,MATCH("描述",BUFF表[#Headers],0))<>""),COLUMN(_xlfn.DROP(INDEX(BUFF表[],MATCH($E24,BUFF表[名称],0),),,MATCH("描述",BUFF表[#Headers],0)))*(_xlfn.DROP(INDEX(BUFF表[],MATCH($E24,BUFF表[名称],0),),,MATCH("描述",BUFF表[#Headers],0))<>"")<>0),ROUNDUP(COLUMNS($G24:K24)/2,0))),"")} -> 耐久 | L24: {=IFERROR(ROUND(IFERROR(1/VLOOKUP($E24,BUFF表[],MATCH("a",BUFF表[#Headers],0),0)*(1+1/VLOOKUP($E24,BUFF表[],MATCH("b",BUFF表[#Headers],0),0)*(IF($F24="",VLOOKUP($E24,BUFF表[],MATCH("dx",BUFF表[#Headers],0),0),$F24)-VLOOKUP($E24,BUFF表[],MATCH("lx",BUFF表[#Headers],0),0))),1)*INDEX(INDEX(BUFF表[],MATCH($E24,BUFF表[名称],0),),SMALL(_xlfn._xlws.FILTER(COLUMN(_xlfn.DROP(INDEX(BUFF表[],MATCH($E24,BUFF表[名称],0),),,MATCH("描述",BUFF表[#Headers],0)))*(_xlfn.DROP(INDEX(BUFF表[],MATCH($E24,BUFF表[名称],0),),,MATCH("描述",BUFF表[#Headers],0))<>""),COLUMN(_xlfn.DROP(INDEX(BUFF表[],MATCH($E24,BUFF表[名称],0),),,MATCH("描述",BUFF表[#Headers],0)))*(_xlfn.DROP(INDEX(BUFF表[],MATCH($E24,BUFF表[名称],0),),,MATCH("描述",BUFF表[#Headers],0))<>"")<>0),ROUNDUP(COLUMNS($G24:K24)/2,0))),3),"")} -> 0.2 | M24: {=IFERROR(INDEX(BUFF表[#Headers],SMALL(_xlfn._xlws.FILTER(COLUMN(_xlfn.DROP(INDEX(BUFF表[],MATCH($E24,BUFF表[名称],0),),,MATCH("描述",BUFF表[#Headers],0)))*(_xlfn.DROP(INDEX(BUFF表[],MATCH($E24,BUFF表[名称],0),),,MATCH("描述",BUFF表[#Headers],0))<>""),COLUMN(_xlfn.DROP(INDEX(BUFF表[],MATCH($E24,BUFF表[名称],0),),,MATCH("描述",BUFF表[#Headers],0)))*(_xlfn.DROP(INDEX(BUFF表[],MATCH($E24,BUFF表[名称],0),),,MATCH("描述",BUFF表[#Headers],0))<>"")<>0),ROUNDUP(COLUMNS($G24:M24)/2,0))),"")} | N24: {=IFERROR(ROUND(IFERROR(1/VLOOKUP($E24,BUFF表[],MATCH("a",BUFF表[#Headers],0),0)*(1+1/VLOOKUP($E24,BUFF表[],MATCH("b",BUFF表[#Headers],0),0)*(IF($F24="",VLOOKUP($E24,BUFF表[],MATCH("dx",BUFF表[#Headers],0),0),$F24)-VLOOKUP($E24,BUFF表[],MATCH("lx",BUFF表[#Headers],0),0))),1)*INDEX(INDEX(BUFF表[],MATCH($E24,BUFF表[名称],0),),SMALL(_xlfn._xlws.FILTER(COLUMN(_xlfn.DROP(INDEX(BUFF表[],MATCH($E24,BUFF表[名称],0),),,MATCH("描述",BUFF表[#Headers],0)))*(_xlfn.DROP(INDEX(BUFF表[],MATCH($E24,BUFF表[名称],0),),,MATCH("描述",BUFF表[#Headers],0))<>""),COLUMN(_xlfn.DROP(INDEX(BUFF表[],MATCH($E24,BUFF表[名称],0),),,MATCH("描述",BUFF表[#Headers],0)))*(_xlfn.DROP(INDEX(BUFF表[],MATCH($E24,BUFF表[名称],0),),,MATCH("描述",BUFF表[#Headers],0))<>"")<>0),ROUNDUP(COLUMNS($G24:M24)/2,0))),3),"")} | O24: =IFERROR(VLOOKUP(E24,BUFF表[],MATCH("描述",BUFF表[#Headers],0),0),"") -> 使用此武器造成的伤害暴击时，为其他队友附加攻击提高、技能威力提高、技能耐久提高中的1个，持续16.0秒。、 | T24: {=X24*SUM(B$24*U24,B$26*V24,B$25*W24,B$27)*昂扬背水乘区(AB24,AC24)*SUM(1,AD24,AE24)*(1-敌方抗性+AF24)*(1+AG24)/IF($A$39="DPMP",ROUNDUP($B$30*(2-Z24),0),1)/IF($A$39="DPSMP",ROUNDUP($B$31*MAX(0.25,(2-Z24)/Y24),0),1)*防御乘区(AH24)} -> 853185.93 | U24: {=删BUFF取角色属性(U$18,ROWS($E$19:$E24))*(1+删BUFF取角色属性("属性伤",ROWS($E$19:$E24)))} -> 5999.4077 | V24: {=$B$8*SUM(1,$H$3,IFERROR(VLOOKUP($B$3,角色表[],MATCH(V$18,角色表[#Headers],0),0),0),IFERROR((5+$D$60)/10*VLOOKUP(近战武器,近战武器表[],MATCH(V$18,近战武器表[#Headers],0),0),0),IFERROR((5+$D$92)/10*VLOOKUP(远程武器,远程武器表[],MATCH(V$18,远程武器表[#Headers],0),0),0),IFERROR(_xlfn.MAP(($J$7:$J$14+1)/IF($G$7:$G$14="金",11,IF($G$7:$G$14="绿",4,6)),_xlfn.LAMBDA(_xlpm.a,IF(_xlpm.a>1,1,_xlpm.a)))*_xlfn.MAP(角色MOD,_xlfn.LAMBDA(_xlpm.x,IF(ISNUMBER(MATCH(VLOOKUP(_xlpm.x,角色MOD表[],MATCH("系列",角色MOD表[#Headers],0),0),{"百首","狮鹫","契约者"},0)),1+SUM(IFERROR(VLOOKUP(_xlfn._xlws.FILTER(BUFF,_xlfn.SEQUENCE(ROWS(BUFF))<>ROWS($E$19:$E24)),BUFF表[],MATCH("MOD属性",BUFF表[#Headers],0),0),0)),1)))*VLOOKUP(角色MOD,角色MOD表[],MATCH(V$18,角色MOD表[#Headers],0),0),0),IFERROR(VLOOKUP(_xlfn._xlws.FILTER(BUFF,_xlfn.SEQUENCE(ROWS(BUFF))<>ROWS($E$19:$E24)),BUFF表[],MATCH(V$18,BUFF表[#Headers],0),0),0))} -> 3388.6505 | W24: {=$B$10*SUM(1,$H$3,IFERROR(VLOOKUP($B$3,角色表[],MATCH(W$18,角色表[#Headers],0),0),0),IFERROR((5+$D$60)/10*VLOOKUP(近战武器,近战武器表[],MATCH(W$18,近战武器表[#Headers],0),0),0),IFERROR((5+$D$92)/10*VLOOKUP(远程武器,远程武器表[],MATCH(W$18,远程武器表[#Headers],0),0),0),IFERROR(_xlfn.MAP(($J$7:$J$14+1)/IF($G$7:$G$14="金",11,IF($G$7:$G$14="绿",4,6)),_xlfn.LAMBDA(_xlpm.a,IF(_xlpm.a>1,1,_xlpm.a)))*_xlfn.MAP(角色MOD,_xlfn.LAMBDA(_xlpm.x,IF(ISNUMBER(MATCH(VLOOKUP(_xlpm.x,角色MOD表[],MATCH("系列",角色MOD表[#Headers],0),0),{"百首","狮鹫","契约者"},0)),1+SUM(IFERROR(VLOOKUP(_xlfn._xlws.FILTER(BUFF,_xlfn.SEQUENCE(ROWS(BUFF))<>ROWS($E$19:$E24)),BUFF表[],MATCH("MOD属性",BUFF表[#Headers],0),0),0)),1)))*VLOOKUP(角色MOD,角色MOD表[],MATCH(W$18,角色MOD表[#Headers],0),0),0),IFERROR(VLOOKUP(_xlfn._xlws.FILTER(BUFF,_xlfn.SEQUENCE(ROWS(BUFF))<>ROWS($E$19:$E24)),BUFF表[],MATCH(W$18,BUFF表[#Headers],0),0),0))} -> 971.49024 | X24: {=删BUFF取角色属性(X$18,ROWS($E$19:$E24))} -> 7.86554 | Y24: {=删BUFF取角色属性(Y$18,ROWS($E$19:$E24))} -> 1 | Z24: {=删BUFF取角色属性(Z$18,ROWS($E$19:$E24))} -> 0 | AA24: {=删BUFF取角色属性(AA$18,ROWS($E$19:$E24))} -> 1.33594 | AB24: {=删BUFF取角色属性(AB$18,ROWS($E$19:$E24))} -> 0 | AC24: {=删BUFF取角色属性(AC$18,ROWS($E$19:$E24))} -> 0.83008 | AD24: {=删BUFF取角色属性(AD$18,ROWS($E$19:$E24))} -> 2.25 | AE24: {=删BUFF取角色属性(AE$18,ROWS($E$19:$E24))} -> 0 | ... AH24: {=删BUFF取角色属性(AH$18,ROWS($E$19:$E24))} -> 0 | AV24: 进击 | AW24: 狩猎神使 | AX24: 刺透
A25: 防御倍率 | B25: {=IFERROR(_xlfn.MAP(INDEX(技能表[],MATCH(1,(技能表[名称]=B$23)*(技能表[等级]=1),0),MATCH(A25,技能表[#Headers],0)),INDEX(技能表[],MATCH(1,(技能表[名称]=B$23)*(技能表[等级]=10),0),MATCH(A25,技能表[#Headers],0)),_xlfn.LAMBDA(_xlpm.a,_xlpm.b,_xlpm.a*(1+(_xlpm.b/_xlpm.a-1)/9*(C$23-1)))),0)} -> 0 | C25: =B25*$C$12 -> 0 | D25: =(B$39-T25)/T25 -> 0.12068966 | E25: 赛琪1塑 | G25: {=IFERROR(INDEX(BUFF表[#Headers],SMALL(_xlfn._xlws.FILTER(COLUMN(_xlfn.DROP(INDEX(BUFF表[],MATCH($E25,BUFF表[名称],0),),,MATCH("描述",BUFF表[#Headers],0)))*(_xlfn.DROP(INDEX(BUFF表[],MATCH($E25,BUFF表[名称],0),),,MATCH("描述",BUFF表[#Headers],0))<>""),COLUMN(_xlfn.DROP(INDEX(BUFF表[],MATCH($E25,BUFF表[名称],0),),,MATCH("描述",BUFF表[#Headers],0)))*(_xlfn.DROP(INDEX(BUFF表[],MATCH($E25,BUFF表[名称],0),),,MATCH("描述",BUFF表[#Headers],0))<>"")<>0),ROUNDUP(COLUMNS($G25:G25)/2,0))),"")} -> 增伤 | H25: {=IFERROR(ROUND(IFERROR(1/VLOOKUP($E25,BUFF表[],MATCH("a",BUFF表[#Headers],0),0)*(1+1/VLOOKUP($E25,BUFF表[],MATCH("b",BUFF表[#Headers],0),0)*(IF($F25="",VLOOKUP($E25,BUFF表[],MATCH("dx",BUFF表[#Headers],0),0),$F25)-VLOOKUP($E25,BUFF表[],MATCH("lx",BUFF表[#Headers],0),0))),1)*INDEX(INDEX(BUFF表[],MATCH($E25,BUFF表[名称],0),),SMALL(_xlfn._xlws.FILTER(COLUMN(_xlfn.DROP(INDEX(BUFF表[],MATCH($E25,BUFF表[名称],0),),,MATCH("描述",BUFF表[#Headers],0)))*(_xlfn.DROP(INDEX(BUFF表[],MATCH($E25,BUFF表[名称],0),),,MATCH("描述",BUFF表[#Headers],0))<>""),COLUMN(_xlfn.DROP(INDEX(BUFF表[],MATCH($E25,BUFF表[名称],0),),,MATCH("描述",BUFF表[#Headers],0)))*(_xlfn.DROP(INDEX(BUFF表[],MATCH($E25,BUFF表[名称],0),),,MATCH("描述",BUFF表[#Headers],0))<>"")<>0),ROUNDUP(COLUMNS($G25:G25)/2,0))),3),"")} -> 0.35 | I25: {=IFERROR(INDEX(BUFF表[#Headers],SMALL(_xlfn._xlws.FILTER(COLUMN(_xlfn.DROP(INDEX(BUFF表[],MATCH($E25,BUFF表[名称],0),),,MATCH("描述",BUFF表[#Headers],0)))*(_xlfn.DROP(INDEX(BUFF表[],MATCH($E25,BUFF表[名称],0),),,MATCH("描述",BUFF表[#Headers],0))<>""),COLUMN(_xlfn.DROP(INDEX(BUFF表[],MATCH($E25,BUFF表[名称],0),),,MATCH("描述",BUFF表[#Headers],0)))*(_xlfn.DROP(INDEX(BUFF表[],MATCH($E25,BUFF表[名称],0),),,MATCH("描述",BUFF表[#Headers],0))<>"")<>0),ROUNDUP(COLUMNS($G25:I25)/2,0))),"")} | J25: {=IFERROR(ROUND(IFERROR(1/VLOOKUP($E25,BUFF表[],MATCH("a",BUFF表[#Headers],0),0)*(1+1/VLOOKUP($E25,BUFF表[],MATCH("b",BUFF表[#Headers],0),0)*(IF($F25="",VLOOKUP($E25,BUFF表[],MATCH("dx",BUFF表[#Headers],0),0),$F25)-VLOOKUP($E25,BUFF表[],MATCH("lx",BUFF表[#Headers],0),0))),1)*INDEX(INDEX(BUFF表[],MATCH($E25,BUFF表[名称],0),),SMALL(_xlfn._xlws.FILTER(COLUMN(_xlfn.DROP(INDEX(BUFF表[],MATCH($E25,BUFF表[名称],0),),,MATCH("描述",BUFF表[#Headers],0)))*(_xlfn.DROP(INDEX(BUFF表[],MATCH($E25,BUFF表[名称],0),),,MATCH("描述",BUFF表[#Headers],0))<>""),COLUMN(_xlfn.DROP(INDEX(BUFF表[],MATCH($E25,BUFF表[名称],0),),,MATCH("描述",BUFF表[#Headers],0)))*(_xlfn.DROP(INDEX(BUFF表[],MATCH($E25,BUFF表[名称],0),),,MATCH("描述",BUFF表[#Headers],0))<>"")<>0),ROUNDUP(COLUMNS($G25:I25)/2,0))),3),"")} | K25: {=IFERROR(INDEX(BUFF表[#Headers],SMALL(_xlfn._xlws.FILTER(COLUMN(_xlfn.DROP(INDEX(BUFF表[],MATCH($E25,BUFF表[名称],0),),,MATCH("描述",BUFF表[#Headers],0)))*(_xlfn.DROP(INDEX(BUFF表[],MATCH($E25,BUFF表[名称],0),),,MATCH("描述",BUFF表[#Headers],0))<>""),COLUMN(_xlfn.DROP(INDEX(BUFF表[],MATCH($E25,BUFF表[名称],0),),,MATCH("描述",BUFF表[#Headers],0)))*(_xlfn.DROP(INDEX(BUFF表[],MATCH($E25,BUFF表[名称],0),),,MATCH("描述",BUFF表[#Headers],0))<>"")<>0),ROUNDUP(COLUMNS($G25:K25)/2,0))),"")} | L25: {=IFERROR(ROUND(IFERROR(1/VLOOKUP($E25,BUFF表[],MATCH("a",BUFF表[#Headers],0),0)*(1+1/VLOOKUP($E25,BUFF表[],MATCH("b",BUFF表[#Headers],0),0)*(IF($F25="",VLOOKUP($E25,BUFF表[],MATCH("dx",BUFF表[#Headers],0),0),$F25)-VLOOKUP($E25,BUFF表[],MATCH("lx",BUFF表[#Headers],0),0))),1)*INDEX(INDEX(BUFF表[],MATCH($E25,BUFF表[名称],0),),SMALL(_xlfn._xlws.FILTER(COLUMN(_xlfn.DROP(INDEX(BUFF表[],MATCH($E25,BUFF表[名称],0),),,MATCH("描述",BUFF表[#Headers],0)))*(_xlfn.DROP(INDEX(BUFF表[],MATCH($E25,BUFF表[名称],0),),,MATCH("描述",BUFF表[#Headers],0))<>""),COLUMN(_xlfn.DROP(INDEX(BUFF表[],MATCH($E25,BUFF表[名称],0),),,MATCH("描述",BUFF表[#Headers],0)))*(_xlfn.DROP(INDEX(BUFF表[],MATCH($E25,BUFF表[名称],0),),,MATCH("描述",BUFF表[#Headers],0))<>"")<>0),ROUNDUP(COLUMNS($G25:K25)/2,0))),3),"")} | M25: {=IFERROR(INDEX(BUFF表[#Headers],SMALL(_xlfn._xlws.FILTER(COLUMN(_xlfn.DROP(INDEX(BUFF表[],MATCH($E25,BUFF表[名称],0),),,MATCH("描述",BUFF表[#Headers],0)))*(_xlfn.DROP(INDEX(BUFF表[],MATCH($E25,BUFF表[名称],0),),,MATCH("描述",BUFF表[#Headers],0))<>""),COLUMN(_xlfn.DROP(INDEX(BUFF表[],MATCH($E25,BUFF表[名称],0),),,MATCH("描述",BUFF表[#Headers],0)))*(_xlfn.DROP(INDEX(BUFF表[],MATCH($E25,BUFF表[名称],0),),,MATCH("描述",BUFF表[#Headers],0))<>"")<>0),ROUNDUP(COLUMNS($G25:M25)/2,0))),"")} | N25: {=IFERROR(ROUND(IFERROR(1/VLOOKUP($E25,BUFF表[],MATCH("a",BUFF表[#Headers],0),0)*(1+1/VLOOKUP($E25,BUFF表[],MATCH("b",BUFF表[#Headers],0),0)*(IF($F25="",VLOOKUP($E25,BUFF表[],MATCH("dx",BUFF表[#Headers],0),0),$F25)-VLOOKUP($E25,BUFF表[],MATCH("lx",BUFF表[#Headers],0),0))),1)*INDEX(INDEX(BUFF表[],MATCH($E25,BUFF表[名称],0),),SMALL(_xlfn._xlws.FILTER(COLUMN(_xlfn.DROP(INDEX(BUFF表[],MATCH($E25,BUFF表[名称],0),),,MATCH("描述",BUFF表[#Headers],0)))*(_xlfn.DROP(INDEX(BUFF表[],MATCH($E25,BUFF表[名称],0),),,MATCH("描述",BUFF表[#Headers],0))<>""),COLUMN(_xlfn.DROP(INDEX(BUFF表[],MATCH($E25,BUFF表[名称],0),),,MATCH("描述",BUFF表[#Headers],0)))*(_xlfn.DROP(INDEX(BUFF表[],MATCH($E25,BUFF表[名称],0),),,MATCH("描述",BUFF表[#Headers],0))<>"")<>0),ROUNDUP(COLUMNS($G25:M25)/2,0))),3),"")} | O25: =IFERROR(VLOOKUP(E25,BUFF表[],MATCH("描述",BUFF表[#Headers],0),0),"") -> 释放[抽茧成梦]和[逐光]时，回复自身10.0%的最大生命，并获得造成的伤害提高35.0%效果，持续12秒。 | T25: {=X25*SUM(B$24*U25,B$26*V25,B$25*W25,B$27)*昂扬背水乘区(AB25,AC25)*SUM(1,AD25,AE25)*(1-敌方抗性+AF25)*(1+AG25)/IF($A$39="DPMP",ROUNDUP($B$30*(2-Z25),0),1)/IF($A$39="DPSMP",ROUNDUP($B$31*MAX(0.25,(2-Z25)/Y25),0),1)*防御乘区(AH25)} -> 788402.75 | U25: {=删BUFF取角色属性(U$18,ROWS($E$19:$E25))*(1+删BUFF取角色属性("属性伤",ROWS($E$19:$E25)))} -> 6096.6876 | V25: {=$B$8*SUM(1,$H$3,IFERROR(VLOOKUP($B$3,角色表[],MATCH(V$18,角色表[#Headers],0),0),0),IFERROR((5+$D$60)/10*VLOOKUP(近战武器,近战武器表[],MATCH(V$18,近战武器表[#Headers],0),0),0),IFERROR((5+$D$92)/10*VLOOKUP(远程武器,远程武器表[],MATCH(V$18,远程武器表[#Headers],0),0),0),IFERROR(_xlfn.MAP(($J$7:$J$14+1)/IF($G$7:$G$14="金",11,IF($G$7:$G$14="绿",4,6)),_xlfn.LAMBDA(_xlpm.a,IF(_xlpm.a>1,1,_xlpm.a)))*_xlfn.MAP(角色MOD,_xlfn.LAMBDA(_xlpm.x,IF(ISNUMBER(MATCH(VLOOKUP(_xlpm.x,角色MOD表[],MATCH("系列",角色MOD表[#Headers],0),0),{"百首","狮鹫","契约者"},0)),1+SUM(IFERROR(VLOOKUP(_xlfn._xlws.FILTER(BUFF,_xlfn.SEQUENCE(ROWS(BUFF))<>ROWS($E$19:$E25)),BUFF表[],MATCH("MOD属性",BUFF表[#Headers],0),0),0)),1)))*VLOOKUP(角色MOD,角色MOD表[],MATCH(V$18,角色MOD表[#Headers],0),0),0),IFERROR(VLOOKUP(_xlfn._xlws.FILTER(BUFF,_xlfn.SEQUENCE(ROWS(BUFF))<>ROWS($E$19:$E25)),BUFF表[],MATCH(V$18,BUFF表[#Headers],0),0),0))} -> 3388.6505 | W25: {=$B$10*SUM(1,$H$3,IFERROR(VLOOKUP($B$3,角色表[],MATCH(W$18,角色表[#Headers],0),0),0),IFERROR((5+$D$60)/10*VLOOKUP(近战武器,近战武器表[],MATCH(W$18,近战武器表[#Headers],0),0),0),IFERROR((5+$D$92)/10*VLOOKUP(远程武器,远程武器表[],MATCH(W$18,远程武器表[#Headers],0),0),0),IFERROR(_xlfn.MAP(($J$7:$J$14+1)/IF($G$7:$G$14="金",11,IF($G$7:$G$14="绿",4,6)),_xlfn.LAMBDA(_xlpm.a,IF(_xlpm.a>1,1,_xlpm.a)))*_xlfn.MAP(角色MOD,_xlfn.LAMBDA(_xlpm.x,IF(ISNUMBER(MATCH(VLOOKUP(_xlpm.x,角色MOD表[],MATCH("系列",角色MOD表[#Headers],0),0),{"百首","狮鹫","契约者"},0)),1+SUM(IFERROR(VLOOKUP(_xlfn._xlws.FILTER(BUFF,_xlfn.SEQUENCE(ROWS(BUFF))<>ROWS($E$19:$E25)),BUFF表[],MATCH("MOD属性",BUFF表[#Headers],0),0),0)),1)))*VLOOKUP(角色MOD,角色MOD表[],MATCH(W$18,角色MOD表[#Headers],0),0),0),IFERROR(VLOOKUP(_xlfn._xlws.FILTER(BUFF,_xlfn.SEQUENCE(ROWS(BUFF))<>ROWS($E$19:$E25)),BUFF表[],MATCH(W$18,BUFF表[#Headers],0),0),0))} -> 971.49024 | X25: {=删BUFF取角色属性(X$18,ROWS($E$19:$E25))} -> 8.01554 | Y25: {=删BUFF取角色属性(Y$18,ROWS($E$19:$E25))} -> 1.2 | Z25: {=删BUFF取角色属性(Z$18,ROWS($E$19:$E25))} -> 0 | AA25: {=删BUFF取角色属性(AA$18,ROWS($E$19:$E25))} -> 1.33594 | AB25: {=删BUFF取角色属性(AB$18,ROWS($E$19:$E25))} -> 0 | AC25: {=删BUFF取角色属性(AC$18,ROWS($E$19:$E25))} -> 0.83008 | AD25: {=删BUFF取角色属性(AD$18,ROWS($E$19:$E25))} -> 1.9 | AE25: {=删BUFF取角色属性(AE$18,ROWS($E$19:$E25))} -> 0 | ... AH25: {=删BUFF取角色属性(AH$18,ROWS($E$19:$E25))} -> 0 | AV25: 蛮勇 | AW25: 狩猎神弃者 | AX25: 狩猎秽兽
A26: 生命倍率 | B26: {=IFERROR(_xlfn.MAP(INDEX(技能表[],MATCH(1,(技能表[名称]=B$23)*(技能表[等级]=1),0),MATCH(A26,技能表[#Headers],0)),INDEX(技能表[],MATCH(1,(技能表[名称]=B$23)*(技能表[等级]=10),0),MATCH(A26,技能表[#Headers],0)),_xlfn.LAMBDA(_xlpm.a,_xlpm.b,_xlpm.a*(1+(_xlpm.b/_xlpm.a-1)/9*(C$23-1)))),0)} -> 0 | C26: =B26*$C$12 -> 0 | D26: =(B$39-T26)/T26 -> 0.16768645 | E26: 织梦的白羽BUFF | G26: {=IFERROR(INDEX(BUFF表[#Headers],SMALL(_xlfn._xlws.FILTER(COLUMN(_xlfn.DROP(INDEX(BUFF表[],MATCH($E26,BUFF表[名称],0),),,MATCH("描述",BUFF表[#Headers],0)))*(_xlfn.DROP(INDEX(BUFF表[],MATCH($E26,BUFF表[名称],0),),,MATCH("描述",BUFF表[#Headers],0))<>""),COLUMN(_xlfn.DROP(INDEX(BUFF表[],MATCH($E26,BUFF表[名称],0),),,MATCH("描述",BUFF表[#Headers],0)))*(_xlfn.DROP(INDEX(BUFF表[],MATCH($E26,BUFF表[名称],0),),,MATCH("描述",BUFF表[#Headers],0))<>"")<>0),ROUNDUP(COLUMNS($G26:G26)/2,0))),"")} -> 攻击 | H26: {=IFERROR(ROUND(IFERROR(1/VLOOKUP($E26,BUFF表[],MATCH("a",BUFF表[#Headers],0),0)*(1+1/VLOOKUP($E26,BUFF表[],MATCH("b",BUFF表[#Headers],0),0)*(IF($F26="",VLOOKUP($E26,BUFF表[],MATCH("dx",BUFF表[#Headers],0),0),$F26)-VLOOKUP($E26,BUFF表[],MATCH("lx",BUFF表[#Headers],0),0))),1)*INDEX(INDEX(BUFF表[],MATCH($E26,BUFF表[名称],0),),SMALL(_xlfn._xlws.FILTER(COLUMN(_xlfn.DROP(INDEX(BUFF表[],MATCH($E26,BUFF表[名称],0),),,MATCH("描述",BUFF表[#Headers],0)))*(_xlfn.DROP(INDEX(BUFF表[],MATCH($E26,BUFF表[名称],0),),,MATCH("描述",BUFF表[#Headers],0))<>""),COLUMN(_xlfn.DROP(INDEX(BUFF表[],MATCH($E26,BUFF表[名称],0),),,MATCH("描述",BUFF表[#Headers],0)))*(_xlfn.DROP(INDEX(BUFF表[],MATCH($E26,BUFF表[名称],0),),,MATCH("描述",BUFF表[#Headers],0))<>"")<>0),ROUNDUP(COLUMNS($G26:G26)/2,0))),3),"")} -> 1.8 | I26: {=IFERROR(INDEX(BUFF表[#Headers],SMALL(_xlfn._xlws.FILTER(COLUMN(_xlfn.DROP(INDEX(BUFF表[],MATCH($E26,BUFF表[名称],0),),,MATCH("描述",BUFF表[#Headers],0)))*(_xlfn.DROP(INDEX(BUFF表[],MATCH($E26,BUFF表[名称],0),),,MATCH("描述",BUFF表[#Headers],0))<>""),COLUMN(_xlfn.DROP(INDEX(BUFF表[],MATCH($E26,BUFF表[名称],0),),,MATCH("描述",BUFF表[#Headers],0)))*(_xlfn.DROP(INDEX(BUFF表[],MATCH($E26,BUFF表[名称],0),),,MATCH("描述",BUFF表[#Headers],0))<>"")<>0),ROUNDUP(COLUMNS($G26:I26)/2,0))),"")} | J26: {=IFERROR(ROUND(IFERROR(1/VLOOKUP($E26,BUFF表[],MATCH("a",BUFF表[#Headers],0),0)*(1+1/VLOOKUP($E26,BUFF表[],MATCH("b",BUFF表[#Headers],0),0)*(IF($F26="",VLOOKUP($E26,BUFF表[],MATCH("dx",BUFF表[#Headers],0),0),$F26)-VLOOKUP($E26,BUFF表[],MATCH("lx",BUFF表[#Headers],0),0))),1)*INDEX(INDEX(BUFF表[],MATCH($E26,BUFF表[名称],0),),SMALL(_xlfn._xlws.FILTER(COLUMN(_xlfn.DROP(INDEX(BUFF表[],MATCH($E26,BUFF表[名称],0),),,MATCH("描述",BUFF表[#Headers],0)))*(_xlfn.DROP(INDEX(BUFF表[],MATCH($E26,BUFF表[名称],0),),,MATCH("描述",BUFF表[#Headers],0))<>""),COLUMN(_xlfn.DROP(INDEX(BUFF表[],MATCH($E26,BUFF表[名称],0),),,MATCH("描述",BUFF表[#Headers],0)))*(_xlfn.DROP(INDEX(BUFF表[],MATCH($E26,BUFF表[名称],0),),,MATCH("描述",BUFF表[#Headers],0))<>"")<>0),ROUNDUP(COLUMNS($G26:I26)/2,0))),3),"")} | K26: {=IFERROR(INDEX(BUFF表[#Headers],SMALL(_xlfn._xlws.FILTER(COLUMN(_xlfn.DROP(INDEX(BUFF表[],MATCH($E26,BUFF表[名称],0),),,MATCH("描述",BUFF表[#Headers],0)))*(_xlfn.DROP(INDEX(BUFF表[],MATCH($E26,BUFF表[名称],0),),,MATCH("描述",BUFF表[#Headers],0))<>""),COLUMN(_xlfn.DROP(INDEX(BUFF表[],MATCH($E26,BUFF表[名称],0),),,MATCH("描述",BUFF表[#Headers],0)))*(_xlfn.DROP(INDEX(BUFF表[],MATCH($E26,BUFF表[名称],0),),,MATCH("描述",BUFF表[#Headers],0))<>"")<>0),ROUNDUP(COLUMNS($G26:K26)/2,0))),"")} | L26: {=IFERROR(ROUND(IFERROR(1/VLOOKUP($E26,BUFF表[],MATCH("a",BUFF表[#Headers],0),0)*(1+1/VLOOKUP($E26,BUFF表[],MATCH("b",BUFF表[#Headers],0),0)*(IF($F26="",VLOOKUP($E26,BUFF表[],MATCH("dx",BUFF表[#Headers],0),0),$F26)-VLOOKUP($E26,BUFF表[],MATCH("lx",BUFF表[#Headers],0),0))),1)*INDEX(INDEX(BUFF表[],MATCH($E26,BUFF表[名称],0),),SMALL(_xlfn._xlws.FILTER(COLUMN(_xlfn.DROP(INDEX(BUFF表[],MATCH($E26,BUFF表[名称],0),),,MATCH("描述",BUFF表[#Headers],0)))*(_xlfn.DROP(INDEX(BUFF表[],MATCH($E26,BUFF表[名称],0),),,MATCH("描述",BUFF表[#Headers],0))<>""),COLUMN(_xlfn.DROP(INDEX(BUFF表[],MATCH($E26,BUFF表[名称],0),),,MATCH("描述",BUFF表[#Headers],0)))*(_xlfn.DROP(INDEX(BUFF表[],MATCH($E26,BUFF表[名称],0),),,MATCH("描述",BUFF表[#Headers],0))<>"")<>0),ROUNDUP(COLUMNS($G26:K26)/2,0))),3),"")} | M26: {=IFERROR(INDEX(BUFF表[#Headers],SMALL(_xlfn._xlws.FILTER(COLUMN(_xlfn.DROP(INDEX(BUFF表[],MATCH($E26,BUFF表[名称],0),),,MATCH("描述",BUFF表[#Headers],0)))*(_xlfn.DROP(INDEX(BUFF表[],MATCH($E26,BUFF表[名称],0),),,MATCH("描述",BUFF表[#Headers],0))<>""),COLUMN(_xlfn.DROP(INDEX(BUFF表[],MATCH($E26,BUFF表[名称],0),),,MATCH("描述",BUFF表[#Headers],0)))*(_xlfn.DROP(INDEX(BUFF表[],MATCH($E26,BUFF表[名称],0),),,MATCH("描述",BUFF表[#Headers],0))<>"")<>0),ROUNDUP(COLUMNS($G26:M26)/2,0))),"")} | N26: {=IFERROR(ROUND(IFERROR(1/VLOOKUP($E26,BUFF表[],MATCH("a",BUFF表[#Headers],0),0)*(1+1/VLOOKUP($E26,BUFF表[],MATCH("b",BUFF表[#Headers],0),0)*(IF($F26="",VLOOKUP($E26,BUFF表[],MATCH("dx",BUFF表[#Headers],0),0),$F26)-VLOOKUP($E26,BUFF表[],MATCH("lx",BUFF表[#Headers],0),0))),1)*INDEX(INDEX(BUFF表[],MATCH($E26,BUFF表[名称],0),),SMALL(_xlfn._xlws.FILTER(COLUMN(_xlfn.DROP(INDEX(BUFF表[],MATCH($E26,BUFF表[名称],0),),,MATCH("描述",BUFF表[#Headers],0)))*(_xlfn.DROP(INDEX(BUFF表[],MATCH($E26,BUFF表[名称],0),),,MATCH("描述",BUFF表[#Headers],0))<>""),COLUMN(_xlfn.DROP(INDEX(BUFF表[],MATCH($E26,BUFF表[名称],0),),,MATCH("描述",BUFF表[#Headers],0)))*(_xlfn.DROP(INDEX(BUFF表[],MATCH($E26,BUFF表[名称],0),),,MATCH("描述",BUFF表[#Headers],0))<>"")<>0),ROUNDUP(COLUMNS($G26:M26)/2,0))),3),"")} | O26: =IFERROR(VLOOKUP(E26,BUFF表[],MATCH("描述",BUFF表[#Headers],0),0),"") -> 光属性角色使用任意武器造成追加伤害时，有30.0%概率为附近其他队友附加1层攻击提高18％，持续15.0秒，最多叠加10.0层。 | T26: {=X26*SUM(B$24*U26,B$26*V26,B$25*W26,B$27)*昂扬背水乘区(AB26,AC26)*SUM(1,AD26,AE26)*(1-敌方抗性+AF26)*(1+AG26)/IF($A$39="DPMP",ROUNDUP($B$30*(2-Z26),0),1)/IF($A$39="DPSMP",ROUNDUP($B$31*MAX(0.25,(2-Z26)/Y26),0),1)*防御乘区(AH26)} -> 756671.28 | U26: {=删BUFF取角色属性(U$18,ROWS($E$19:$E26))*(1+删BUFF取角色属性("属性伤",ROWS($E$19:$E26)))} -> 5221.1684 | V26: {=$B$8*SUM(1,$H$3,IFERROR(VLOOKUP($B$3,角色表[],MATCH(V$18,角色表[#Headers],0),0),0),IFERROR((5+$D$60)/10*VLOOKUP(近战武器,近战武器表[],MATCH(V$18,近战武器表[#Headers],0),0),0),IFERROR((5+$D$92)/10*VLOOKUP(远程武器,远程武器表[],MATCH(V$18,远程武器表[#Headers],0),0),0),IFERROR(_xlfn.MAP(($J$7:$J$14+1)/IF($G$7:$G$14="金",11,IF($G$7:$G$14="绿",4,6)),_xlfn.LAMBDA(_xlpm.a,IF(_xlpm.a>1,1,_xlpm.a)))*_xlfn.MAP(角色MOD,_xlfn.LAMBDA(_xlpm.x,IF(ISNUMBER(MATCH(VLOOKUP(_xlpm.x,角色MOD表[],MATCH("系列",角色MOD表[#Headers],0),0),{"百首","狮鹫","契约者"},0)),1+SUM(IFERROR(VLOOKUP(_xlfn._xlws.FILTER(BUFF,_xlfn.SEQUENCE(ROWS(BUFF))<>ROWS($E$19:$E26)),BUFF表[],MATCH("MOD属性",BUFF表[#Headers],0),0),0)),1)))*VLOOKUP(角色MOD,角色MOD表[],MATCH(V$18,角色MOD表[#Headers],0),0),0),IFERROR(VLOOKUP(_xlfn._xlws.FILTER(BUFF,_xlfn.SEQUENCE(ROWS(BUFF))<>ROWS($E$19:$E26)),BUFF表[],MATCH(V$18,BUFF表[#Headers],0),0),0))} -> 3388.6505 | W26: {=$B$10*SUM(1,$H$3,IFERROR(VLOOKUP($B$3,角色表[],MATCH(W$18,角色表[#Headers],0),0),0),IFERROR((5+$D$60)/10*VLOOKUP(近战武器,近战武器表[],MATCH(W$18,近战武器表[#Headers],0),0),0),IFERROR((5+$D$92)/10*VLOOKUP(远程武器,远程武器表[],MATCH(W$18,远程武器表[#Headers],0),0),0),IFERROR(_xlfn.MAP(($J$7:$J$14+1)/IF($G$7:$G$14="金",11,IF($G$7:$G$14="绿",4,6)),_xlfn.LAMBDA(_xlpm.a,IF(_xlpm.a>1,1,_xlpm.a)))*_xlfn.MAP(角色MOD,_xlfn.LAMBDA(_xlpm.x,IF(ISNUMBER(MATCH(VLOOKUP(_xlpm.x,角色MOD表[],MATCH("系列",角色MOD表[#Headers],0),0),{"百首","狮鹫","契约者"},0)),1+SUM(IFERROR(VLOOKUP(_xlfn._xlws.FILTER(BUFF,_xlfn.SEQUENCE(ROWS(BUFF))<>ROWS($E$19:$E26)),BUFF表[],MATCH("MOD属性",BUFF表[#Headers],0),0),0)),1)))*VLOOKUP(角色MOD,角色MOD表[],MATCH(W$18,角色MOD表[#Headers],0),0),0),IFERROR(VLOOKUP(_xlfn._xlws.FILTER(BUFF,_xlfn.SEQUENCE(ROWS(BUFF))<>ROWS($E$19:$E26)),BUFF表[],MATCH(W$18,BUFF表[#Headers],0),0),0))} -> 971.49024 | X26: {=删BUFF取角色属性(X$18,ROWS($E$19:$E26))} -> 8.01554 | Y26: {=删BUFF取角色属性(Y$18,ROWS($E$19:$E26))} -> 1.2 | Z26: {=删BUFF取角色属性(Z$18,ROWS($E$19:$E26))} -> 0 | AA26: {=删BUFF取角色属性(AA$18,ROWS($E$19:$E26))} -> 1.33594 | AB26: {=删BUFF取角色属性(AB$18,ROWS($E$19:$E26))} -> 0 | AC26: {=删BUFF取角色属性(AC$18,ROWS($E$19:$E26))} -> 0.83008 | AD26: {=删BUFF取角色属性(AD$18,ROWS($E$19:$E26))} -> 2.25 | AE26: {=删BUFF取角色属性(AE$18,ROWS($E$19:$E26))} -> 0 | ... AH26: {=删BUFF取角色属性(AH$18,ROWS($E$19:$E26))} -> 0 | AV26: 决斗 | AW26: 倾力 | AX26: 狩猎军团
A27: 固定伤害 | B27: {=IFERROR(_xlfn.MAP(INDEX(技能表[],MATCH(1,(技能表[名称]=B$23)*(技能表[等级]=1),0),MATCH(A27,技能表[#Headers],0)),INDEX(技能表[],MATCH(1,(技能表[名称]=B$23)*(技能表[等级]=10),0),MATCH(A27,技能表[#Headers],0)),_xlfn.LAMBDA(_xlpm.a,_xlpm.b,_xlpm.a*(1+(_xlpm.b/_xlpm.a-1)/9*(C$23-1)))),0)} -> 0 | C27: =B27*$C$12 -> 0 | D27: =(B$39-T27)/T27 -> 0.21642857 | E27: 菲娜Q+被动+1溯 | G27: {=IFERROR(INDEX(BUFF表[#Headers],SMALL(_xlfn._xlws.FILTER(COLUMN(_xlfn.DROP(INDEX(BUFF表[],MATCH($E27,BUFF表[名称],0),),,MATCH("描述",BUFF表[#Headers],0)))*(_xlfn.DROP(INDEX(BUFF表[],MATCH($E27,BUFF表[名称],0),),,MATCH("描述",BUFF表[#Headers],0))<>""),COLUMN(_xlfn.DROP(INDEX(BUFF表[],MATCH($E27,BUFF表[名称],0),),,MATCH("描述",BUFF表[#Headers],0)))*(_xlfn.DROP(INDEX(BUFF表[],MATCH($E27,BUFF表[名称],0),),,MATCH("描述",BUFF表[#Headers],0))<>"")<>0),ROUNDUP(COLUMNS($G27:G27)/2,0))),"")} -> 增伤 | H27: {=IFERROR(ROUND(IFERROR(1/VLOOKUP($E27,BUFF表[],MATCH("a",BUFF表[#Headers],0),0)*(1+1/VLOOKUP($E27,BUFF表[],MATCH("b",BUFF表[#Headers],0),0)*(IF($F27="",VLOOKUP($E27,BUFF表[],MATCH("dx",BUFF表[#Headers],0),0),$F27)-VLOOKUP($E27,BUFF表[],MATCH("lx",BUFF表[#Headers],0),0))),1)*INDEX(INDEX(BUFF表[],MATCH($E27,BUFF表[名称],0),),SMALL(_xlfn._xlws.FILTER(COLUMN(_xlfn.DROP(INDEX(BUFF表[],MATCH($E27,BUFF表[名称],0),),,MATCH("描述",BUFF表[#Headers],0)))*(_xlfn.DROP(INDEX(BUFF表[],MATCH($E27,BUFF表[名称],0),),,MATCH("描述",BUFF表[#Headers],0))<>""),COLUMN(_xlfn.DROP(INDEX(BUFF表[],MATCH($E27,BUFF表[名称],0),),,MATCH("描述",BUFF表[#Headers],0)))*(_xlfn.DROP(INDEX(BUFF表[],MATCH($E27,BUFF表[名称],0),),,MATCH("描述",BUFF表[#Headers],0))<>"")<>0),ROUNDUP(COLUMNS($G27:G27)/2,0))),3),"")} -> 0.45 | I27: {=IFERROR(INDEX(BUFF表[#Headers],SMALL(_xlfn._xlws.FILTER(COLUMN(_xlfn.DROP(INDEX(BUFF表[],MATCH($E27,BUFF表[名称],0),),,MATCH("描述",BUFF表[#Headers],0)))*(_xlfn.DROP(INDEX(BUFF表[],MATCH($E27,BUFF表[名称],0),),,MATCH("描述",BUFF表[#Headers],0))<>""),COLUMN(_xlfn.DROP(INDEX(BUFF表[],MATCH($E27,BUFF表[名称],0),),,MATCH("描述",BUFF表[#Headers],0)))*(_xlfn.DROP(INDEX(BUFF表[],MATCH($E27,BUFF表[名称],0),),,MATCH("描述",BUFF表[#Headers],0))<>"")<>0),ROUNDUP(COLUMNS($G27:I27)/2,0))),"")} -> 追加伤害 | J27: {=IFERROR(ROUND(IFERROR(1/VLOOKUP($E27,BUFF表[],MATCH("a",BUFF表[#Headers],0),0)*(1+1/VLOOKUP($E27,BUFF表[],MATCH("b",BUFF表[#Headers],0),0)*(IF($F27="",VLOOKUP($E27,BUFF表[],MATCH("dx",BUFF表[#Headers],0),0),$F27)-VLOOKUP($E27,BUFF表[],MATCH("lx",BUFF表[#Headers],0),0))),1)*INDEX(INDEX(BUFF表[],MATCH($E27,BUFF表[名称],0),),SMALL(_xlfn._xlws.FILTER(COLUMN(_xlfn.DROP(INDEX(BUFF表[],MATCH($E27,BUFF表[名称],0),),,MATCH("描述",BUFF表[#Headers],0)))*(_xlfn.DROP(INDEX(BUFF表[],MATCH($E27,BUFF表[名称],0),),,MATCH("描述",BUFF表[#Headers],0))<>""),COLUMN(_xlfn.DROP(INDEX(BUFF表[],MATCH($E27,BUFF表[名称],0),),,MATCH("描述",BUFF表[#Headers],0)))*(_xlfn.DROP(INDEX(BUFF表[],MATCH($E27,BUFF表[名称],0),),,MATCH("描述",BUFF表[#Headers],0))<>"")<>0),ROUNDUP(COLUMNS($G27:I27)/2,0))),3),"")} -> 0.6 | K27: {=IFERROR(INDEX(BUFF表[#Headers],SMALL(_xlfn._xlws.FILTER(COLUMN(_xlfn.DROP(INDEX(BUFF表[],MATCH($E27,BUFF表[名称],0),),,MATCH("描述",BUFF表[#Headers],0)))*(_xlfn.DROP(INDEX(BUFF表[],MATCH($E27,BUFF表[名称],0),),,MATCH("描述",BUFF表[#Headers],0))<>""),COLUMN(_xlfn.DROP(INDEX(BUFF表[],MATCH($E27,BUFF表[名称],0),),,MATCH("描述",BUFF表[#Headers],0)))*(_xlfn.DROP(INDEX(BUFF表[],MATCH($E27,BUFF表[名称],0),),,MATCH("描述",BUFF表[#Headers],0))<>"")<>0),ROUNDUP(COLUMNS($G27:K27)/2,0))),"")} -> 属性穿透 | L27: {=IFERROR(ROUND(IFERROR(1/VLOOKUP($E27,BUFF表[],MATCH("a",BUFF表[#Headers],0),0)*(1+1/VLOOKUP($E27,BUFF表[],MATCH("b",BUFF表[#Headers],0),0)*(IF($F27="",VLOOKUP($E27,BUFF表[],MATCH("dx",BUFF表[#Headers],0),0),$F27)-VLOOKUP($E27,BUFF表[],MATCH("lx",BUFF表[#Headers],0),0))),1)*INDEX(INDEX(BUFF表[],MATCH($E27,BUFF表[名称],0),),SMALL(_xlfn._xlws.FILTER(COLUMN(_xlfn.DROP(INDEX(BUFF表[],MATCH($E27,BUFF表[名称],0),),,MATCH("描述",BUFF表[#Headers],0)))*(_xlfn.DROP(INDEX(BUFF表[],MATCH($E27,BUFF表[名称],0),),,MATCH("描述",BUFF表[#Headers],0))<>""),COLUMN(_xlfn.DROP(INDEX(BUFF表[],MATCH($E27,BUFF表[名称],0),),,MATCH("描述",BUFF表[#Headers],0)))*(_xlfn.DROP(INDEX(BUFF表[],MATCH($E27,BUFF表[名称],0),),,MATCH("描述",BUFF表[#Headers],0))<>"")<>0),ROUNDUP(COLUMNS($G27:K27)/2,0))),3),"")} -> 0.24 | M27: {=IFERROR(INDEX(BUFF表[#Headers],SMALL(_xlfn._xlws.FILTER(COLUMN(_xlfn.DROP(INDEX(BUFF表[],MATCH($E27,BUFF表[名称],0),),,MATCH("描述",BUFF表[#Headers],0)))*(_xlfn.DROP(INDEX(BUFF表[],MATCH($E27,BUFF表[名称],0),),,MATCH("描述",BUFF表[#Headers],0))<>""),COLUMN(_xlfn.DROP(INDEX(BUFF表[],MATCH($E27,BUFF表[名称],0),),,MATCH("描述",BUFF表[#Headers],0)))*(_xlfn.DROP(INDEX(BUFF表[],MATCH($E27,BUFF表[名称],0),),,MATCH("描述",BUFF表[#Headers],0))<>"")<>0),ROUNDUP(COLUMNS($G27:M27)/2,0))),"")} -> 异常数量 | N27: {=IFERROR(ROUND(IFERROR(1/VLOOKUP($E27,BUFF表[],MATCH("a",BUFF表[#Headers],0),0)*(1+1/VLOOKUP($E27,BUFF表[],MATCH("b",BUFF表[#Headers],0),0)*(IF($F27="",VLOOKUP($E27,BUFF表[],MATCH("dx",BUFF表[#Headers],0),0),$F27)-VLOOKUP($E27,BUFF表[],MATCH("lx",BUFF表[#Headers],0),0))),1)*INDEX(INDEX(BUFF表[],MATCH($E27,BUFF表[名称],0),),SMALL(_xlfn._xlws.FILTER(COLUMN(_xlfn.DROP(INDEX(BUFF表[],MATCH($E27,BUFF表[名称],0),),,MATCH("描述",BUFF表[#Headers],0)))*(_xlfn.DROP(INDEX(BUFF表[],MATCH($E27,BUFF表[名称],0),),,MATCH("描述",BUFF表[#Headers],0))<>""),COLUMN(_xlfn.DROP(INDEX(BUFF表[],MATCH($E27,BUFF表[名称],0),),,MATCH("描述",BUFF表[#Headers],0)))*(_xlfn.DROP(INDEX(BUFF表[],MATCH($E27,BUFF表[名称],0),),,MATCH("描述",BUFF表[#Headers],0))<>"")<>0),ROUNDUP(COLUMNS($G27:M27)/2,0))),3),"")} -> 4 | O27: =IFERROR(VLOOKUP(E27,BUFF表[],MATCH("描述",BUFF表[#Headers],0),0),"") -> 额外附加水、火、雷、风追加伤害并根据[梦笔生花]层数为自身和队友附加伤害提高效果 | T27: {=X27*SUM(B$24*U27,B$26*V27,B$25*W27,B$27)*昂扬背水乘区(AB27,AC27)*SUM(1,AD27,AE27)*(1-敌方抗性+AF27)*(1+AG27)/IF($A$39="DPMP",ROUNDUP($B$30*(2-Z27),0),1)/IF($A$39="DPSMP",ROUNDUP($B$31*MAX(0.25,(2-Z27)/Y27),0),1)*防御乘区(AH27)} -> 726351.57 | U27: {=删BUFF取角色属性(U$18,ROWS($E$19:$E27))*(1+删BUFF取角色属性("属性伤",ROWS($E$19:$E27)))} -> 6096.6876 | V27: {=$B$8*SUM(1,$H$3,IFERROR(VLOOKUP($B$3,角色表[],MATCH(V$18,角色表[#Headers],0),0),0),IFERROR((5+$D$60)/10*VLOOKUP(近战武器,近战武器表[],MATCH(V$18,近战武器表[#Headers],0),0),0),IFERROR((5+$D$92)/10*VLOOKUP(远程武器,远程武器表[],MATCH(V$18,远程武器表[#Headers],0),0),0),IFERROR(_xlfn.MAP(($J$7:$J$14+1)/IF($G$7:$G$14="金",11,IF($G$7:$G$14="绿",4,6)),_xlfn.LAMBDA(_xlpm.a,IF(_xlpm.a>1,1,_xlpm.a)))*_xlfn.MAP(角色MOD,_xlfn.LAMBDA(_xlpm.x,IF(ISNUMBER(MATCH(VLOOKUP(_xlpm.x,角色MOD表[],MATCH("系列",角色MOD表[#Headers],0),0),{"百首","狮鹫","契约者"},0)),1+SUM(IFERROR(VLOOKUP(_xlfn._xlws.FILTER(BUFF,_xlfn.SEQUENCE(ROWS(BUFF))<>ROWS($E$19:$E27)),BUFF表[],MATCH("MOD属性",BUFF表[#Headers],0),0),0)),1)))*VLOOKUP(角色MOD,角色MOD表[],MATCH(V$18,角色MOD表[#Headers],0),0),0),IFERROR(VLOOKUP(_xlfn._xlws.FILTER(BUFF,_xlfn.SEQUENCE(ROWS(BUFF))<>ROWS($E$19:$E27)),BUFF表[],MATCH(V$18,BUFF表[#Headers],0),0),0))} -> 3388.6505 | W27: {=$B$10*SUM(1,$H$3,IFERROR(VLOOKUP($B$3,角色表[],MATCH(W$18,角色表[#Headers],0),0),0),IFERROR((5+$D$60)/10*VLOOKUP(近战武器,近战武器表[],MATCH(W$18,近战武器表[#Headers],0),0),0),IFERROR((5+$D$92)/10*VLOOKUP(远程武器,远程武器表[],MATCH(W$18,远程武器表[#Headers],0),0),0),IFERROR(_xlfn.MAP(($J$7:$J$14+1)/IF($G$7:$G$14="金",11,IF($G$7:$G$14="绿",4,6)),_xlfn.LAMBDA(_xlpm.a,IF(_xlpm.a>1,1,_xlpm.a)))*_xlfn.MAP(角色MOD,_xlfn.LAMBDA(_xlpm.x,IF(ISNUMBER(MATCH(VLOOKUP(_xlpm.x,角色MOD表[],MATCH("系列",角色MOD表[#Headers],0),0),{"百首","狮鹫","契约者"},0)),1+SUM(IFERROR(VLOOKUP(_xlfn._xlws.FILTER(BUFF,_xlfn.SEQUENCE(ROWS(BUFF))<>ROWS($E$19:$E27)),BUFF表[],MATCH("MOD属性",BUFF表[#Headers],0),0),0)),1)))*VLOOKUP(角色MOD,角色MOD表[],MATCH(W$18,角色MOD表[#Headers],0),0),0),IFERROR(VLOOKUP(_xlfn._xlws.FILTER(BUFF,_xlfn.SEQUENCE(ROWS(BUFF))<>ROWS($E$19:$E27)),BUFF表[],MATCH(W$18,BUFF表[#Headers],0),0),0))} -> 971.49024 | X27: {=删BUFF取角色属性(X$18,ROWS($E$19:$E27))} -> 8.01554 | Y27: {=删BUFF取角色属性(Y$18,ROWS($E$19:$E27))} -> 1.2 | Z27: {=删BUFF取角色属性(Z$18,ROWS($E$19:$E27))} -> 0 | AA27: {=删BUFF取角色属性(AA$18,ROWS($E$19:$E27))} -> 1.33594 | AB27: {=删BUFF取角色属性(AB$18,ROWS($E$19:$E27))} -> 0 | AC27: {=删BUFF取角色属性(AC$18,ROWS($E$19:$E27))} -> 0.83008 | AD27: {=删BUFF取角色属性(AD$18,ROWS($E$19:$E27))} -> 1.8 | AE27: {=删BUFF取角色属性(AE$18,ROWS($E$19:$E27))} -> 0 | ... AH27: {=删BUFF取角色属性(AH$18,ROWS($E$19:$E27))} -> 0 | AV27: 陷阵 | AW27: 幸运 | AX27: 狩猎神使
A28: 技能范围 | B28: {=IFERROR(_xlfn.MAP(INDEX(技能表[],MATCH(1,(技能表[名称]=B$23)*(技能表[等级]=1),0),MATCH(A28,技能表[#Headers],0)),INDEX(技能表[],MATCH(1,(技能表[名称]=B$23)*(技能表[等级]=10),0),MATCH(A28,技能表[#Headers],0)),_xlfn.LAMBDA(_xlpm.a,_xlpm.b,_xlpm.a*(1+(_xlpm.b/_xlpm.a-1)/9*(C$23-1)))),0)} -> 0 | C28: =IFERROR(VLOOKUP($B$23,技能表[],MATCH(A28,技能表[#Headers],0),0),0)*C15+IFERROR(VLOOKUP($B$23,技能表[],MATCH("固定范围",技能表[#Headers],0),0),0) -> 50 | D28: =(B$39-T28)/T28 -> 0 | E28: 色散成霓 | G28: {=IFERROR(INDEX(BUFF表[#Headers],SMALL(_xlfn._xlws.FILTER(COLUMN(_xlfn.DROP(INDEX(BUFF表[],MATCH($E28,BUFF表[名称],0),),,MATCH("描述",BUFF表[#Headers],0)))*(_xlfn.DROP(INDEX(BUFF表[],MATCH($E28,BUFF表[名称],0),),,MATCH("描述",BUFF表[#Headers],0))<>""),COLUMN(_xlfn.DROP(INDEX(BUFF表[],MATCH($E28,BUFF表[名称],0),),,MATCH("描述",BUFF表[#Headers],0)))*(_xlfn.DROP(INDEX(BUFF表[],MATCH($E28,BUFF表[名称],0),),,MATCH("描述",BUFF表[#Headers],0))<>"")<>0),ROUNDUP(COLUMNS($G28:G28)/2,0))),"")} -> 暴击 | H28: {=IFERROR(ROUND(IFERROR(1/VLOOKUP($E28,BUFF表[],MATCH("a",BUFF表[#Headers],0),0)*(1+1/VLOOKUP($E28,BUFF表[],MATCH("b",BUFF表[#Headers],0),0)*(IF($F28="",VLOOKUP($E28,BUFF表[],MATCH("dx",BUFF表[#Headers],0),0),$F28)-VLOOKUP($E28,BUFF表[],MATCH("lx",BUFF表[#Headers],0),0))),1)*INDEX(INDEX(BUFF表[],MATCH($E28,BUFF表[名称],0),),SMALL(_xlfn._xlws.FILTER(COLUMN(_xlfn.DROP(INDEX(BUFF表[],MATCH($E28,BUFF表[名称],0),),,MATCH("描述",BUFF表[#Headers],0)))*(_xlfn.DROP(INDEX(BUFF表[],MATCH($E28,BUFF表[名称],0),),,MATCH("描述",BUFF表[#Headers],0))<>""),COLUMN(_xlfn.DROP(INDEX(BUFF表[],MATCH($E28,BUFF表[名称],0),),,MATCH("描述",BUFF表[#Headers],0)))*(_xlfn.DROP(INDEX(BUFF表[],MATCH($E28,BUFF表[名称],0),),,MATCH("描述",BUFF表[#Headers],0))<>"")<>0),ROUNDUP(COLUMNS($G28:G28)/2,0))),3),"")} -> 0.75 | I28: {=IFERROR(INDEX(BUFF表[#Headers],SMALL(_xlfn._xlws.FILTER(COLUMN(_xlfn.DROP(INDEX(BUFF表[],MATCH($E28,BUFF表[名称],0),),,MATCH("描述",BUFF表[#Headers],0)))*(_xlfn.DROP(INDEX(BUFF表[],MATCH($E28,BUFF表[名称],0),),,MATCH("描述",BUFF表[#Headers],0))<>""),COLUMN(_xlfn.DROP(INDEX(BUFF表[],MATCH($E28,BUFF表[名称],0),),,MATCH("描述",BUFF表[#Headers],0)))*(_xlfn.DROP(INDEX(BUFF表[],MATCH($E28,BUFF表[名称],0),),,MATCH("描述",BUFF表[#Headers],0))<>"")<>0),ROUNDUP(COLUMNS($G28:I28)/2,0))),"")} | J28: {=IFERROR(ROUND(IFERROR(1/VLOOKUP($E28,BUFF表[],MATCH("a",BUFF表[#Headers],0),0)*(1+1/VLOOKUP($E28,BUFF表[],MATCH("b",BUFF表[#Headers],0),0)*(IF($F28="",VLOOKUP($E28,BUFF表[],MATCH("dx",BUFF表[#Headers],0),0),$F28)-VLOOKUP($E28,BUFF表[],MATCH("lx",BUFF表[#Headers],0),0))),1)*INDEX(INDEX(BUFF表[],MATCH($E28,BUFF表[名称],0),),SMALL(_xlfn._xlws.FILTER(COLUMN(_xlfn.DROP(INDEX(BUFF表[],MATCH($E28,BUFF表[名称],0),),,MATCH("描述",BUFF表[#Headers],0)))*(_xlfn.DROP(INDEX(BUFF表[],MATCH($E28,BUFF表[名称],0),),,MATCH("描述",BUFF表[#Headers],0))<>""),COLUMN(_xlfn.DROP(INDEX(BUFF表[],MATCH($E28,BUFF表[名称],0),),,MATCH("描述",BUFF表[#Headers],0)))*(_xlfn.DROP(INDEX(BUFF表[],MATCH($E28,BUFF表[名称],0),),,MATCH("描述",BUFF表[#Headers],0))<>"")<>0),ROUNDUP(COLUMNS($G28:I28)/2,0))),3),"")} | K28: {=IFERROR(INDEX(BUFF表[#Headers],SMALL(_xlfn._xlws.FILTER(COLUMN(_xlfn.DROP(INDEX(BUFF表[],MATCH($E28,BUFF表[名称],0),),,MATCH("描述",BUFF表[#Headers],0)))*(_xlfn.DROP(INDEX(BUFF表[],MATCH($E28,BUFF表[名称],0),),,MATCH("描述",BUFF表[#Headers],0))<>""),COLUMN(_xlfn.DROP(INDEX(BUFF表[],MATCH($E28,BUFF表[名称],0),),,MATCH("描述",BUFF表[#Headers],0)))*(_xlfn.DROP(INDEX(BUFF表[],MATCH($E28,BUFF表[名称],0),),,MATCH("描述",BUFF表[#Headers],0))<>"")<>0),ROUNDUP(COLUMNS($G28:K28)/2,0))),"")} | L28: {=IFERROR(ROUND(IFERROR(1/VLOOKUP($E28,BUFF表[],MATCH("a",BUFF表[#Headers],0),0)*(1+1/VLOOKUP($E28,BUFF表[],MATCH("b",BUFF表[#Headers],0),0)*(IF($F28="",VLOOKUP($E28,BUFF表[],MATCH("dx",BUFF表[#Headers],0),0),$F28)-VLOOKUP($E28,BUFF表[],MATCH("lx",BUFF表[#Headers],0),0))),1)*INDEX(INDEX(BUFF表[],MATCH($E28,BUFF表[名称],0),),SMALL(_xlfn._xlws.FILTER(COLUMN(_xlfn.DROP(INDEX(BUFF表[],MATCH($E28,BUFF表[名称],0),),,MATCH("描述",BUFF表[#Headers],0)))*(_xlfn.DROP(INDEX(BUFF表[],MATCH($E28,BUFF表[名称],0),),,MATCH("描述",BUFF表[#Headers],0))<>""),COLUMN(_xlfn.DROP(INDEX(BUFF表[],MATCH($E28,BUFF表[名称],0),),,MATCH("描述",BUFF表[#Headers],0)))*(_xlfn.DROP(INDEX(BUFF表[],MATCH($E28,BUFF表[名称],0),),,MATCH("描述",BUFF表[#Headers],0))<>"")<>0),ROUNDUP(COLUMNS($G28:K28)/2,0))),3),"")} | M28: {=IFERROR(INDEX(BUFF表[#Headers],SMALL(_xlfn._xlws.FILTER(COLUMN(_xlfn.DROP(INDEX(BUFF表[],MATCH($E28,BUFF表[名称],0),),,MATCH("描述",BUFF表[#Headers],0)))*(_xlfn.DROP(INDEX(BUFF表[],MATCH($E28,BUFF表[名称],0),),,MATCH("描述",BUFF表[#Headers],0))<>""),COLUMN(_xlfn.DROP(INDEX(BUFF表[],MATCH($E28,BUFF表[名称],0),),,MATCH("描述",BUFF表[#Headers],0)))*(_xlfn.DROP(INDEX(BUFF表[],MATCH($E28,BUFF表[名称],0),),,MATCH("描述",BUFF表[#Headers],0))<>"")<>0),ROUNDUP(COLUMNS($G28:M28)/2,0))),"")} | N28: {=IFERROR(ROUND(IFERROR(1/VLOOKUP($E28,BUFF表[],MATCH("a",BUFF表[#Headers],0),0)*(1+1/VLOOKUP($E28,BUFF表[],MATCH("b",BUFF表[#Headers],0),0)*(IF($F28="",VLOOKUP($E28,BUFF表[],MATCH("dx",BUFF表[#Headers],0),0),$F28)-VLOOKUP($E28,BUFF表[],MATCH("lx",BUFF表[#Headers],0),0))),1)*INDEX(INDEX(BUFF表[],MATCH($E28,BUFF表[名称],0),),SMALL(_xlfn._xlws.FILTER(COLUMN(_xlfn.DROP(INDEX(BUFF表[],MATCH($E28,BUFF表[名称],0),),,MATCH("描述",BUFF表[#Headers],0)))*(_xlfn.DROP(INDEX(BUFF表[],MATCH($E28,BUFF表[名称],0),),,MATCH("描述",BUFF表[#Headers],0))<>""),COLUMN(_xlfn.DROP(INDEX(BUFF表[],MATCH($E28,BUFF表[名称],0),),,MATCH("描述",BUFF表[#Headers],0)))*(_xlfn.DROP(INDEX(BUFF表[],MATCH($E28,BUFF表[名称],0),),,MATCH("描述",BUFF表[#Headers],0))<>"")<>0),ROUNDUP(COLUMNS($G28:M28)/2,0))),3),"")} | O28: =IFERROR(VLOOKUP(E28,BUFF表[],MATCH("描述",BUFF表[#Headers],0),0),"") -> 光属性角色周围的敌人受到武器伤害时，暴击率提高60%，对带有额外效果负面状态的目标额外提高15%。 | T28: {=X28*SUM(B$24*U28,B$26*V28,B$25*W28,B$27)*昂扬背水乘区(AB28,AC28)*SUM(1,AD28,AE28)*(1-敌方抗性+AF28)*(1+AG28)/IF($A$39="DPMP",ROUNDUP($B$30*(2-Z28),0),1)/IF($A$39="DPSMP",ROUNDUP($B$31*MAX(0.25,(2-Z28)/Y28),0),1)*防御乘区(AH28)} -> 883554.8 | U28: {=删BUFF取角色属性(U$18,ROWS($E$19:$E28))*(1+删BUFF取角色属性("属性伤",ROWS($E$19:$E28)))} -> 6096.6876 | V28: {=$B$8*SUM(1,$H$3,IFERROR(VLOOKUP($B$3,角色表[],MATCH(V$18,角色表[#Headers],0),0),0),IFERROR((5+$D$60)/10*VLOOKUP(近战武器,近战武器表[],MATCH(V$18,近战武器表[#Headers],0),0),0),IFERROR((5+$D$92)/10*VLOOKUP(远程武器,远程武器表[],MATCH(V$18,远程武器表[#Headers],0),0),0),IFERROR(_xlfn.MAP(($J$7:$J$14+1)/IF($G$7:$G$14="金",11,IF($G$7:$G$14="绿",4,6)),_xlfn.LAMBDA(_xlpm.a,IF(_xlpm.a>1,1,_xlpm.a)))*_xlfn.MAP(角色MOD,_xlfn.LAMBDA(_xlpm.x,IF(ISNUMBER(MATCH(VLOOKUP(_xlpm.x,角色MOD表[],MATCH("系列",角色MOD表[#Headers],0),0),{"百首","狮鹫","契约者"},0)),1+SUM(IFERROR(VLOOKUP(_xlfn._xlws.FILTER(BUFF,_xlfn.SEQUENCE(ROWS(BUFF))<>ROWS($E$19:$E28)),BUFF表[],MATCH("MOD属性",BUFF表[#Headers],0),0),0)),1)))*VLOOKUP(角色MOD,角色MOD表[],MATCH(V$18,角色MOD表[#Headers],0),0),0),IFERROR(VLOOKUP(_xlfn._xlws.FILTER(BUFF,_xlfn.SEQUENCE(ROWS(BUFF))<>ROWS($E$19:$E28)),BUFF表[],MATCH(V$18,BUFF表[#Headers],0),0),0))} -> 3388.6505 | W28: {=$B$10*SUM(1,$H$3,IFERROR(VLOOKUP($B$3,角色表[],MATCH(W$18,角色表[#Headers],0),0),0),IFERROR((5+$D$60)/10*VLOOKUP(近战武器,近战武器表[],MATCH(W$18,近战武器表[#Headers],0),0),0),IFERROR((5+$D$92)/10*VLOOKUP(远程武器,远程武器表[],MATCH(W$18,远程武器表[#Headers],0),0),0),IFERROR(_xlfn.MAP(($J$7:$J$14+1)/IF($G$7:$G$14="金",11,IF($G$7:$G$14="绿",4,6)),_xlfn.LAMBDA(_xlpm.a,IF(_xlpm.a>1,1,_xlpm.a)))*_xlfn.MAP(角色MOD,_xlfn.LAMBDA(_xlpm.x,IF(ISNUMBER(MATCH(VLOOKUP(_xlpm.x,角色MOD表[],MATCH("系列",角色MOD表[#Headers],0),0),{"百首","狮鹫","契约者"},0)),1+SUM(IFERROR(VLOOKUP(_xlfn._xlws.FILTER(BUFF,_xlfn.SEQUENCE(ROWS(BUFF))<>ROWS($E$19:$E28)),BUFF表[],MATCH("MOD属性",BUFF表[#Headers],0),0),0)),1)))*VLOOKUP(角色MOD,角色MOD表[],MATCH(W$18,角色MOD表[#Headers],0),0),0),IFERROR(VLOOKUP(_xlfn._xlws.FILTER(BUFF,_xlfn.SEQUENCE(ROWS(BUFF))<>ROWS($E$19:$E28)),BUFF表[],MATCH(W$18,BUFF表[#Headers],0),0),0))} -> 971.49024 | X28: {=删BUFF取角色属性(X$18,ROWS($E$19:$E28))} -> 8.01554 | Y28: {=删BUFF取角色属性(Y$18,ROWS($E$19:$E28))} -> 1.2 | Z28: {=删BUFF取角色属性(Z$18,ROWS($E$19:$E28))} -> 0 | AA28: {=删BUFF取角色属性(AA$18,ROWS($E$19:$E28))} -> 1.33594 | AB28: {=删BUFF取角色属性(AB$18,ROWS($E$19:$E28))} -> 0 | AC28: {=删BUFF取角色属性(AC$18,ROWS($E$19:$E28))} -> 0.83008 | AD28: {=删BUFF取角色属性(AD$18,ROWS($E$19:$E28))} -> 2.25 | AE28: {=删BUFF取角色属性(AE$18,ROWS($E$19:$E28))} -> 0 | ... AH28: {=删BUFF取角色属性(AH$18,ROWS($E$19:$E28))} -> 0 | AV28: 乘势 | AW28: 连环 | AX28: 狩猎神弃者
A29: 技能持续 | B29: {=IFERROR(_xlfn.MAP(INDEX(技能表[],MATCH(1,(技能表[名称]=B$23)*(技能表[等级]=1),0),MATCH(A29,技能表[#Headers],0)),INDEX(技能表[],MATCH(1,(技能表[名称]=B$23)*(技能表[等级]=10),0),MATCH(A29,技能表[#Headers],0)),_xlfn.LAMBDA(_xlpm.a,_xlpm.b,_xlpm.a*(1+(_xlpm.b/_xlpm.a-1)/9*(C$23-1)))),0)} -> 10 | C29: =IFERROR(VLOOKUP($B$23,技能表[],MATCH(A29,技能表[#Headers],0),0),0)*C13+IFERROR(VLOOKUP($B$23,技能表[],MATCH("固定持续",技能表[#Headers],0),0),0) -> 12 | D29: =(B$39-T29)/T29 -> 0.099223584 | E29: 紊乱气旋 | G29: {=IFERROR(INDEX(BUFF表[#Headers],SMALL(_xlfn._xlws.FILTER(COLUMN(_xlfn.DROP(INDEX(BUFF表[],MATCH($E29,BUFF表[名称],0),),,MATCH("描述",BUFF表[#Headers],0)))*(_xlfn.DROP(INDEX(BUFF表[],MATCH($E29,BUFF表[名称],0),),,MATCH("描述",BUFF表[#Headers],0))<>""),COLUMN(_xlfn.DROP(INDEX(BUFF表[],MATCH($E29,BUFF表[名称],0),),,MATCH("描述",BUFF表[#Headers],0)))*(_xlfn.DROP(INDEX(BUFF表[],MATCH($E29,BUFF表[名称],0),),,MATCH("描述",BUFF表[#Headers],0))<>"")<>0),ROUNDUP(COLUMNS($G29:G29)/2,0))),"")} -> 背水 | H29: {=IFERROR(ROUND(IFERROR(1/VLOOKUP($E29,BUFF表[],MATCH("a",BUFF表[#Headers],0),0)*(1+1/VLOOKUP($E29,BUFF表[],MATCH("b",BUFF表[#Headers],0),0)*(IF($F29="",VLOOKUP($E29,BUFF表[],MATCH("dx",BUFF表[#Headers],0),0),$F29)-VLOOKUP($E29,BUFF表[],MATCH("lx",BUFF表[#Headers],0),0))),1)*INDEX(INDEX(BUFF表[],MATCH($E29,BUFF表[名称],0),),SMALL(_xlfn._xlws.FILTER(COLUMN(_xlfn.DROP(INDEX(BUFF表[],MATCH($E29,BUFF表[名称],0),),,MATCH("描述",BUFF表[#Headers],0)))*(_xlfn.DROP(INDEX(BUFF表[],MATCH($E29,BUFF表[名称],0),),,MATCH("描述",BUFF表[#Headers],0))<>""),COLUMN(_xlfn.DROP(INDEX(BUFF表[],MATCH($E29,BUFF表[名称],0),),,MATCH("描述",BUFF表[#Headers],0)))*(_xlfn.DROP(INDEX(BUFF表[],MATCH($E29,BUFF表[名称],0),),,MATCH("描述",BUFF表[#Headers],0))<>"")<>0),ROUNDUP(COLUMNS($G29:G29)/2,0))),3),"")} -> 0.099 | I29: {=IFERROR(INDEX(BUFF表[#Headers],SMALL(_xlfn._xlws.FILTER(COLUMN(_xlfn.DROP(INDEX(BUFF表[],MATCH($E29,BUFF表[名称],0),),,MATCH("描述",BUFF表[#Headers],0)))*(_xlfn.DROP(INDEX(BUFF表[],MATCH($E29,BUFF表[名称],0),),,MATCH("描述",BUFF表[#Headers],0))<>""),COLUMN(_xlfn.DROP(INDEX(BUFF表[],MATCH($E29,BUFF表[名称],0),),,MATCH("描述",BUFF表[#Headers],0)))*(_xlfn.DROP(INDEX(BUFF表[],MATCH($E29,BUFF表[名称],0),),,MATCH("描述",BUFF表[#Headers],0))<>"")<>0),ROUNDUP(COLUMNS($G29:I29)/2,0))),"")} | J29: {=IFERROR(ROUND(IFERROR(1/VLOOKUP($E29,BUFF表[],MATCH("a",BUFF表[#Headers],0),0)*(1+1/VLOOKUP($E29,BUFF表[],MATCH("b",BUFF表[#Headers],0),0)*(IF($F29="",VLOOKUP($E29,BUFF表[],MATCH("dx",BUFF表[#Headers],0),0),$F29)-VLOOKUP($E29,BUFF表[],MATCH("lx",BUFF表[#Headers],0),0))),1)*INDEX(INDEX(BUFF表[],MATCH($E29,BUFF表[名称],0),),SMALL(_xlfn._xlws.FILTER(COLUMN(_xlfn.DROP(INDEX(BUFF表[],MATCH($E29,BUFF表[名称],0),),,MATCH("描述",BUFF表[#Headers],0)))*(_xlfn.DROP(INDEX(BUFF表[],MATCH($E29,BUFF表[名称],0),),,MATCH("描述",BUFF表[#Headers],0))<>""),COLUMN(_xlfn.DROP(INDEX(BUFF表[],MATCH($E29,BUFF表[名称],0),),,MATCH("描述",BUFF表[#Headers],0)))*(_xlfn.DROP(INDEX(BUFF表[],MATCH($E29,BUFF表[名称],0),),,MATCH("描述",BUFF表[#Headers],0))<>"")<>0),ROUNDUP(COLUMNS($G29:I29)/2,0))),3),"")} | K29: {=IFERROR(INDEX(BUFF表[#Headers],SMALL(_xlfn._xlws.FILTER(COLUMN(_xlfn.DROP(INDEX(BUFF表[],MATCH($E29,BUFF表[名称],0),),,MATCH("描述",BUFF表[#Headers],0)))*(_xlfn.DROP(INDEX(BUFF表[],MATCH($E29,BUFF表[名称],0),),,MATCH("描述",BUFF表[#Headers],0))<>""),COLUMN(_xlfn.DROP(INDEX(BUFF表[],MATCH($E29,BUFF表[名称],0),),,MATCH("描述",BUFF表[#Headers],0)))*(_xlfn.DROP(INDEX(BUFF表[],MATCH($E29,BUFF表[名称],0),),,MATCH("描述",BUFF表[#Headers],0))<>"")<>0),ROUNDUP(COLUMNS($G29:K29)/2,0))),"")} | L29: {=IFERROR(ROUND(IFERROR(1/VLOOKUP($E29,BUFF表[],MATCH("a",BUFF表[#Headers],0),0)*(1+1/VLOOKUP($E29,BUFF表[],MATCH("b",BUFF表[#Headers],0),0)*(IF($F29="",VLOOKUP($E29,BUFF表[],MATCH("dx",BUFF表[#Headers],0),0),$F29)-VLOOKUP($E29,BUFF表[],MATCH("lx",BUFF表[#Headers],0),0))),1)*INDEX(INDEX(BUFF表[],MATCH($E29,BUFF表[名称],0),),SMALL(_xlfn._xlws.FILTER(COLUMN(_xlfn.DROP(INDEX(BUFF表[],MATCH($E29,BUFF表[名称],0),),,MATCH("描述",BUFF表[#Headers],0)))*(_xlfn.DROP(INDEX(BUFF表[],MATCH($E29,BUFF表[名称],0),),,MATCH("描述",BUFF表[#Headers],0))<>""),COLUMN(_xlfn.DROP(INDEX(BUFF表[],MATCH($E29,BUFF表[名称],0),),,MATCH("描述",BUFF表[#Headers],0)))*(_xlfn.DROP(INDEX(BUFF表[],MATCH($E29,BUFF表[名称],0),),,MATCH("描述",BUFF表[#Headers],0))<>"")<>0),ROUNDUP(COLUMNS($G29:K29)/2,0))),3),"")} | M29: {=IFERROR(INDEX(BUFF表[#Headers],SMALL(_xlfn._xlws.FILTER(COLUMN(_xlfn.DROP(INDEX(BUFF表[],MATCH($E29,BUFF表[名称],0),),,MATCH("描述",BUFF表[#Headers],0)))*(_xlfn.DROP(INDEX(BUFF表[],MATCH($E29,BUFF表[名称],0),),,MATCH("描述",BUFF表[#Headers],0))<>""),COLUMN(_xlfn.DROP(INDEX(BUFF表[],MATCH($E29,BUFF表[名称],0),),,MATCH("描述",BUFF表[#Headers],0)))*(_xlfn.DROP(INDEX(BUFF表[],MATCH($E29,BUFF表[名称],0),),,MATCH("描述",BUFF表[#Headers],0))<>"")<>0),ROUNDUP(COLUMNS($G29:M29)/2,0))),"")} | N29: {=IFERROR(ROUND(IFERROR(1/VLOOKUP($E29,BUFF表[],MATCH("a",BUFF表[#Headers],0),0)*(1+1/VLOOKUP($E29,BUFF表[],MATCH("b",BUFF表[#Headers],0),0)*(IF($F29="",VLOOKUP($E29,BUFF表[],MATCH("dx",BUFF表[#Headers],0),0),$F29)-VLOOKUP($E29,BUFF表[],MATCH("lx",BUFF表[#Headers],0),0))),1)*INDEX(INDEX(BUFF表[],MATCH($E29,BUFF表[名称],0),),SMALL(_xlfn._xlws.FILTER(COLUMN(_xlfn.DROP(INDEX(BUFF表[],MATCH($E29,BUFF表[名称],0),),,MATCH("描述",BUFF表[#Headers],0)))*(_xlfn.DROP(INDEX(BUFF表[],MATCH($E29,BUFF表[名称],0),),,MATCH("描述",BUFF表[#Headers],0))<>""),COLUMN(_xlfn.DROP(INDEX(BUFF表[],MATCH($E29,BUFF表[名称],0),),,MATCH("描述",BUFF表[#Headers],0)))*(_xlfn.DROP(INDEX(BUFF表[],MATCH($E29,BUFF表[名称],0),),,MATCH("描述",BUFF表[#Headers],0))<>"")<>0),ROUNDUP(COLUMNS($G29:M29)/2,0))),3),"")} | O29: =IFERROR(VLOOKUP(E29,BUFF表[],MATCH("描述",BUFF表[#Headers],0),0),"") -> 风属性角色远程武器触发额外效果时，为附近队友附加背水提高9.9%，持续10.0秒。 | T29: {=X29*SUM(B$24*U29,B$26*V29,B$25*W29,B$27)*昂扬背水乘区(AB29,AC29)*SUM(1,AD29,AE29)*(1-敌方抗性+AF29)*(1+AG29)/IF($A$39="DPMP",ROUNDUP($B$30*(2-Z29),0),1)/IF($A$39="DPSMP",ROUNDUP($B$31*MAX(0.25,(2-Z29)/Y29),0),1)*防御乘区(AH29)} -> 803798.99 | U29: {=删BUFF取角色属性(U$18,ROWS($E$19:$E29))*(1+删BUFF取角色属性("属性伤",ROWS($E$19:$E29)))} -> 6096.6876 | V29: {=$B$8*SUM(1,$H$3,IFERROR(VLOOKUP($B$3,角色表[],MATCH(V$18,角色表[#Headers],0),0),0),IFERROR((5+$D$60)/10*VLOOKUP(近战武器,近战武器表[],MATCH(V$18,近战武器表[#Headers],0),0),0),IFERROR((5+$D$92)/10*VLOOKUP(远程武器,远程武器表[],MATCH(V$18,远程武器表[#Headers],0),0),0),IFERROR(_xlfn.MAP(($J$7:$J$14+1)/IF($G$7:$G$14="金",11,IF($G$7:$G$14="绿",4,6)),_xlfn.LAMBDA(_xlpm.a,IF(_xlpm.a>1,1,_xlpm.a)))*_xlfn.MAP(角色MOD,_xlfn.LAMBDA(_xlpm.x,IF(ISNUMBER(MATCH(VLOOKUP(_xlpm.x,角色MOD表[],MATCH("系列",角色MOD表[#Headers],0),0),{"百首","狮鹫","契约者"},0)),1+SUM(IFERROR(VLOOKUP(_xlfn._xlws.FILTER(BUFF,_xlfn.SEQUENCE(ROWS(BUFF))<>ROWS($E$19:$E29)),BUFF表[],MATCH("MOD属性",BUFF表[#Headers],0),0),0)),1)))*VLOOKUP(角色MOD,角色MOD表[],MATCH(V$18,角色MOD表[#Headers],0),0),0),IFERROR(VLOOKUP(_xlfn._xlws.FILTER(BUFF,_xlfn.SEQUENCE(ROWS(BUFF))<>ROWS($E$19:$E29)),BUFF表[],MATCH(V$18,BUFF表[#Headers],0),0),0))} -> 3388.6505 | W29: {=$B$10*SUM(1,$H$3,IFERROR(VLOOKUP($B$3,角色表[],MATCH(W$18,角色表[#Headers],0),0),0),IFERROR((5+$D$60)/10*VLOOKUP(近战武器,近战武器表[],MATCH(W$18,近战武器表[#Headers],0),0),0),IFERROR((5+$D$92)/10*VLOOKUP(远程武器,远程武器表[],MATCH(W$18,远程武器表[#Headers],0),0),0),IFERROR(_xlfn.MAP(($J$7:$J$14+1)/IF($G$7:$G$14="金",11,IF($G$7:$G$14="绿",4,6)),_xlfn.LAMBDA(_xlpm.a,IF(_xlpm.a>1,1,_xlpm.a)))*_xlfn.MAP(角色MOD,_xlfn.LAMBDA(_xlpm.x,IF(ISNUMBER(MATCH(VLOOKUP(_xlpm.x,角色MOD表[],MATCH("系列",角色MOD表[#Headers],0),0),{"百首","狮鹫","契约者"},0)),1+SUM(IFERROR(VLOOKUP(_xlfn._xlws.FILTER(BUFF,_xlfn.SEQUENCE(ROWS(BUFF))<>ROWS($E$19:$E29)),BUFF表[],MATCH("MOD属性",BUFF表[#Headers],0),0),0)),1)))*VLOOKUP(角色MOD,角色MOD表[],MATCH(W$18,角色MOD表[#Headers],0),0),0),IFERROR(VLOOKUP(_xlfn._xlws.FILTER(BUFF,_xlfn.SEQUENCE(ROWS(BUFF))<>ROWS($E$19:$E29)),BUFF表[],MATCH(W$18,BUFF表[#Headers],0),0),0))} -> 971.49024 | X29: {=删BUFF取角色属性(X$18,ROWS($E$19:$E29))} -> 8.01554 | Y29: {=删BUFF取角色属性(Y$18,ROWS($E$19:$E29))} -> 1.2 | Z29: {=删BUFF取角色属性(Z$18,ROWS($E$19:$E29))} -> 0 | AA29: {=删BUFF取角色属性(AA$18,ROWS($E$19:$E29))} -> 1.33594 | AB29: {=删BUFF取角色属性(AB$18,ROWS($E$19:$E29))} -> 0 | AC29: {=删BUFF取角色属性(AC$18,ROWS($E$19:$E29))} -> 0.73108 | AD29: {=删BUFF取角色属性(AD$18,ROWS($E$19:$E29))} -> 2.25 | AE29: {=删BUFF取角色属性(AE$18,ROWS($E$19:$E29))} -> 0 | ... AH29: {=删BUFF取角色属性(AH$18,ROWS($E$19:$E29))} -> 0 | AV29: 不息 | AW29: 时运 | AX29: 威压
A30: 神智消耗 | B30: {=IFERROR(_xlfn.MAP(INDEX(技能表[],MATCH(1,(技能表[名称]=B$23)*(技能表[等级]=1),0),MATCH(A30,技能表[#Headers],0)),INDEX(技能表[],MATCH(1,(技能表[名称]=B$23)*(技能表[等级]=10),0),MATCH(A30,技能表[#Headers],0)),_xlfn.LAMBDA(_xlpm.a,_xlpm.b,_xlpm.a*(1+(_xlpm.b/_xlpm.a-1)/9*(C$23-1)))),0)} -> 30 | C30: =ROUNDUP(B30*(2-C14),0) -> 60 | D30: =(B$39-T30)/T30 -> 0 | E30: 乘势 | G30: {=IFERROR(INDEX(BUFF表[#Headers],SMALL(_xlfn._xlws.FILTER(COLUMN(_xlfn.DROP(INDEX(BUFF表[],MATCH($E30,BUFF表[名称],0),),,MATCH("描述",BUFF表[#Headers],0)))*(_xlfn.DROP(INDEX(BUFF表[],MATCH($E30,BUFF表[名称],0),),,MATCH("描述",BUFF表[#Headers],0))<>""),COLUMN(_xlfn.DROP(INDEX(BUFF表[],MATCH($E30,BUFF表[名称],0),),,MATCH("描述",BUFF表[#Headers],0)))*(_xlfn.DROP(INDEX(BUFF表[],MATCH($E30,BUFF表[名称],0),),,MATCH("描述",BUFF表[#Headers],0))<>"")<>0),ROUNDUP(COLUMNS($G30:G30)/2,0))),"")} -> 失衡易伤 | H30: {=IFERROR(ROUND(IFERROR(1/VLOOKUP($E30,BUFF表[],MATCH("a",BUFF表[#Headers],0),0)*(1+1/VLOOKUP($E30,BUFF表[],MATCH("b",BUFF表[#Headers],0),0)*(IF($F30="",VLOOKUP($E30,BUFF表[],MATCH("dx",BUFF表[#Headers],0),0),$F30)-VLOOKUP($E30,BUFF表[],MATCH("lx",BUFF表[#Headers],0),0))),1)*INDEX(INDEX(BUFF表[],MATCH($E30,BUFF表[名称],0),),SMALL(_xlfn._xlws.FILTER(COLUMN(_xlfn.DROP(INDEX(BUFF表[],MATCH($E30,BUFF表[名称],0),),,MATCH("描述",BUFF表[#Headers],0)))*(_xlfn.DROP(INDEX(BUFF表[],MATCH($E30,BUFF表[名称],0),),,MATCH("描述",BUFF表[#Headers],0))<>""),COLUMN(_xlfn.DROP(INDEX(BUFF表[],MATCH($E30,BUFF表[名称],0),),,MATCH("描述",BUFF表[#Headers],0)))*(_xlfn.DROP(INDEX(BUFF表[],MATCH($E30,BUFF表[名称],0),),,MATCH("描述",BUFF表[#Headers],0))<>"")<>0),ROUNDUP(COLUMNS($G30:G30)/2,0))),3),"")} -> 0.44 | I30: {=IFERROR(INDEX(BUFF表[#Headers],SMALL(_xlfn._xlws.FILTER(COLUMN(_xlfn.DROP(INDEX(BUFF表[],MATCH($E30,BUFF表[名称],0),),,MATCH("描述",BUFF表[#Headers],0)))*(_xlfn.DROP(INDEX(BUFF表[],MATCH($E30,BUFF表[名称],0),),,MATCH("描述",BUFF表[#Headers],0))<>""),COLUMN(_xlfn.DROP(INDEX(BUFF表[],MATCH($E30,BUFF表[名称],0),),,MATCH("描述",BUFF表[#Headers],0)))*(_xlfn.DROP(INDEX(BUFF表[],MATCH($E30,BUFF表[名称],0),),,MATCH("描述",BUFF表[#Headers],0))<>"")<>0),ROUNDUP(COLUMNS($G30:I30)/2,0))),"")} | J30: {=IFERROR(ROUND(IFERROR(1/VLOOKUP($E30,BUFF表[],MATCH("a",BUFF表[#Headers],0),0)*(1+1/VLOOKUP($E30,BUFF表[],MATCH("b",BUFF表[#Headers],0),0)*(IF($F30="",VLOOKUP($E30,BUFF表[],MATCH("dx",BUFF表[#Headers],0),0),$F30)-VLOOKUP($E30,BUFF表[],MATCH("lx",BUFF表[#Headers],0),0))),1)*INDEX(INDEX(BUFF表[],MATCH($E30,BUFF表[名称],0),),SMALL(_xlfn._xlws.FILTER(COLUMN(_xlfn.DROP(INDEX(BUFF表[],MATCH($E30,BUFF表[名称],0),),,MATCH("描述",BUFF表[#Headers],0)))*(_xlfn.DROP(INDEX(BUFF表[],MATCH($E30,BUFF表[名称],0),),,MATCH("描述",BUFF表[#Headers],0))<>""),COLUMN(_xlfn.DROP(INDEX(BUFF表[],MATCH($E30,BUFF表[名称],0),),,MATCH("描述",BUFF表[#Headers],0)))*(_xlfn.DROP(INDEX(BUFF表[],MATCH($E30,BUFF表[名称],0),),,MATCH("描述",BUFF表[#Headers],0))<>"")<>0),ROUNDUP(COLUMNS($G30:I30)/2,0))),3),"")} | K30: {=IFERROR(INDEX(BUFF表[#Headers],SMALL(_xlfn._xlws.FILTER(COLUMN(_xlfn.DROP(INDEX(BUFF表[],MATCH($E30,BUFF表[名称],0),),,MATCH("描述",BUFF表[#Headers],0)))*(_xlfn.DROP(INDEX(BUFF表[],MATCH($E30,BUFF表[名称],0),),,MATCH("描述",BUFF表[#Headers],0))<>""),COLUMN(_xlfn.DROP(INDEX(BUFF表[],MATCH($E30,BUFF表[名称],0),),,MATCH("描述",BUFF表[#Headers],0)))*(_xlfn.DROP(INDEX(BUFF表[],MATCH($E30,BUFF表[名称],0),),,MATCH("描述",BUFF表[#Headers],0))<>"")<>0),ROUNDUP(COLUMNS($G30:K30)/2,0))),"")} | L30: {=IFERROR(ROUND(IFERROR(1/VLOOKUP($E30,BUFF表[],MATCH("a",BUFF表[#Headers],0),0)*(1+1/VLOOKUP($E30,BUFF表[],MATCH("b",BUFF表[#Headers],0),0)*(IF($F30="",VLOOKUP($E30,BUFF表[],MATCH("dx",BUFF表[#Headers],0),0),$F30)-VLOOKUP($E30,BUFF表[],MATCH("lx",BUFF表[#Headers],0),0))),1)*INDEX(INDEX(BUFF表[],MATCH($E30,BUFF表[名称],0),),SMALL(_xlfn._xlws.FILTER(COLUMN(_xlfn.DROP(INDEX(BUFF表[],MATCH($E30,BUFF表[名称],0),),,MATCH("描述",BUFF表[#Headers],0)))*(_xlfn.DROP(INDEX(BUFF表[],MATCH($E30,BUFF表[名称],0),),,MATCH("描述",BUFF表[#Headers],0))<>""),COLUMN(_xlfn.DROP(INDEX(BUFF表[],MATCH($E30,BUFF表[名称],0),),,MATCH("描述",BUFF表[#Headers],0)))*(_xlfn.DROP(INDEX(BUFF表[],MATCH($E30,BUFF表[名称],0),),,MATCH("描述",BUFF表[#Headers],0))<>"")<>0),ROUNDUP(COLUMNS($G30:K30)/2,0))),3),"")} | M30: {=IFERROR(INDEX(BUFF表[#Headers],SMALL(_xlfn._xlws.FILTER(COLUMN(_xlfn.DROP(INDEX(BUFF表[],MATCH($E30,BUFF表[名称],0),),,MATCH("描述",BUFF表[#Headers],0)))*(_xlfn.DROP(INDEX(BUFF表[],MATCH($E30,BUFF表[名称],0),),,MATCH("描述",BUFF表[#Headers],0))<>""),COLUMN(_xlfn.DROP(INDEX(BUFF表[],MATCH($E30,BUFF表[名称],0),),,MATCH("描述",BUFF表[#Headers],0)))*(_xlfn.DROP(INDEX(BUFF表[],MATCH($E30,BUFF表[名称],0),),,MATCH("描述",BUFF表[#Headers],0))<>"")<>0),ROUNDUP(COLUMNS($G30:M30)/2,0))),"")} | N30: {=IFERROR(ROUND(IFERROR(1/VLOOKUP($E30,BUFF表[],MATCH("a",BUFF表[#Headers],0),0)*(1+1/VLOOKUP($E30,BUFF表[],MATCH("b",BUFF表[#Headers],0),0)*(IF($F30="",VLOOKUP($E30,BUFF表[],MATCH("dx",BUFF表[#Headers],0),0),$F30)-VLOOKUP($E30,BUFF表[],MATCH("lx",BUFF表[#Headers],0),0))),1)*INDEX(INDEX(BUFF表[],MATCH($E30,BUFF表[名称],0),),SMALL(_xlfn._xlws.FILTER(COLUMN(_xlfn.DROP(INDEX(BUFF表[],MATCH($E30,BUFF表[名称],0),),,MATCH("描述",BUFF表[#Headers],0)))*(_xlfn.DROP(INDEX(BUFF表[],MATCH($E30,BUFF表[名称],0),),,MATCH("描述",BUFF表[#Headers],0))<>""),COLUMN(_xlfn.DROP(INDEX(BUFF表[],MATCH($E30,BUFF表[名称],0),),,MATCH("描述",BUFF表[#Headers],0)))*(_xlfn.DROP(INDEX(BUFF表[],MATCH($E30,BUFF表[名称],0),),,MATCH("描述",BUFF表[#Headers],0))<>"")<>0),ROUNDUP(COLUMNS($G30:M30)/2,0))),3),"")} | O30: =IFERROR(VLOOKUP(E30,BUFF表[],MATCH("描述",BUFF表[#Headers],0),0),"") -> 处于战姿失衡状态受到的伤害提高效果量提高44.0% | T30: {=X30*SUM(B$24*U30,B$26*V30,B$25*W30,B$27)*昂扬背水乘区(AB30,AC30)*SUM(1,AD30,AE30)*(1-敌方抗性+AF30)*(1+AG30)/IF($A$39="DPMP",ROUNDUP($B$30*(2-Z30),0),1)/IF($A$39="DPSMP",ROUNDUP($B$31*MAX(0.25,(2-Z30)/Y30),0),1)*防御乘区(AH30)} -> 883554.8 | U30: {=删BUFF取角色属性(U$18,ROWS($E$19:$E30))*(1+删BUFF取角色属性("属性伤",ROWS($E$19:$E30)))} -> 6096.6876 | V30: {=$B$8*SUM(1,$H$3,IFERROR(VLOOKUP($B$3,角色表[],MATCH(V$18,角色表[#Headers],0),0),0),IFERROR((5+$D$60)/10*VLOOKUP(近战武器,近战武器表[],MATCH(V$18,近战武器表[#Headers],0),0),0),IFERROR((5+$D$92)/10*VLOOKUP(远程武器,远程武器表[],MATCH(V$18,远程武器表[#Headers],0),0),0),IFERROR(_xlfn.MAP(($J$7:$J$14+1)/IF($G$7:$G$14="金",11,IF($G$7:$G$14="绿",4,6)),_xlfn.LAMBDA(_xlpm.a,IF(_xlpm.a>1,1,_xlpm.a)))*_xlfn.MAP(角色MOD,_xlfn.LAMBDA(_xlpm.x,IF(ISNUMBER(MATCH(VLOOKUP(_xlpm.x,角色MOD表[],MATCH("系列",角色MOD表[#Headers],0),0),{"百首","狮鹫","契约者"},0)),1+SUM(IFERROR(VLOOKUP(_xlfn._xlws.FILTER(BUFF,_xlfn.SEQUENCE(ROWS(BUFF))<>ROWS($E$19:$E30)),BUFF表[],MATCH("MOD属性",BUFF表[#Headers],0),0),0)),1)))*VLOOKUP(角色MOD,角色MOD表[],MATCH(V$18,角色MOD表[#Headers],0),0),0),IFERROR(VLOOKUP(_xlfn._xlws.FILTER(BUFF,_xlfn.SEQUENCE(ROWS(BUFF))<>ROWS($E$19:$E30)),BUFF表[],MATCH(V$18,BUFF表[#Headers],0),0),0))} -> 3388.6505 | W30: {=$B$10*SUM(1,$H$3,IFERROR(VLOOKUP($B$3,角色表[],MATCH(W$18,角色表[#Headers],0),0),0),IFERROR((5+$D$60)/10*VLOOKUP(近战武器,近战武器表[],MATCH(W$18,近战武器表[#Headers],0),0),0),IFERROR((5+$D$92)/10*VLOOKUP(远程武器,远程武器表[],MATCH(W$18,远程武器表[#Headers],0),0),0),IFERROR(_xlfn.MAP(($J$7:$J$14+1)/IF($G$7:$G$14="金",11,IF($G$7:$G$14="绿",4,6)),_xlfn.LAMBDA(_xlpm.a,IF(_xlpm.a>1,1,_xlpm.a)))*_xlfn.MAP(角色MOD,_xlfn.LAMBDA(_xlpm.x,IF(ISNUMBER(MATCH(VLOOKUP(_xlpm.x,角色MOD表[],MATCH("系列",角色MOD表[#Headers],0),0),{"百首","狮鹫","契约者"},0)),1+SUM(IFERROR(VLOOKUP(_xlfn._xlws.FILTER(BUFF,_xlfn.SEQUENCE(ROWS(BUFF))<>ROWS($E$19:$E30)),BUFF表[],MATCH("MOD属性",BUFF表[#Headers],0),0),0)),1)))*VLOOKUP(角色MOD,角色MOD表[],MATCH(W$18,角色MOD表[#Headers],0),0),0),IFERROR(VLOOKUP(_xlfn._xlws.FILTER(BUFF,_xlfn.SEQUENCE(ROWS(BUFF))<>ROWS($E$19:$E30)),BUFF表[],MATCH(W$18,BUFF表[#Headers],0),0),0))} -> 971.49024 | X30: {=删BUFF取角色属性(X$18,ROWS($E$19:$E30))} -> 8.01554 | Y30: {=删BUFF取角色属性(Y$18,ROWS($E$19:$E30))} -> 1.2 | Z30: {=删BUFF取角色属性(Z$18,ROWS($E$19:$E30))} -> 0 | AA30: {=删BUFF取角色属性(AA$18,ROWS($E$19:$E30))} -> 1.33594 | AB30: {=删BUFF取角色属性(AB$18,ROWS($E$19:$E30))} -> 0 | AC30: {=删BUFF取角色属性(AC$18,ROWS($E$19:$E30))} -> 0.83008 | AD30: {=删BUFF取角色属性(AD$18,ROWS($E$19:$E30))} -> 2.25 | AE30: {=删BUFF取角色属性(AE$18,ROWS($E$19:$E30))} -> 0 | ... AH30: {=删BUFF取角色属性(AH$18,ROWS($E$19:$E30))} -> 0 | AV30: 锋芒单手剑 | AW30: 锋锐·缠缚 | AX30: 无患
A31: 持续消耗 | B31: {=IFERROR(_xlfn.MAP(INDEX(技能表[],MATCH(1,(技能表[名称]=B$23)*(技能表[等级]=1),0),MATCH(A31,技能表[#Headers],0)),INDEX(技能表[],MATCH(1,(技能表[名称]=B$23)*(技能表[等级]=10),0),MATCH(A31,技能表[#Headers],0)),_xlfn.LAMBDA(_xlpm.a,_xlpm.b,_xlpm.a*(1+(_xlpm.b/_xlpm.a-1)/9*(C$23-1)))),0)} -> 0 | C31: =ROUNDUP(B31*MAX(0.25,(2-C14)/C13),0) -> 0 | D31: =(B$39-T31)/T31 -> 0.18529196 | E31: 碧玺艾尔芙(主动) | F31: 3 | G31: {=IFERROR(INDEX(BUFF表[#Headers],SMALL(_xlfn._xlws.FILTER(COLUMN(_xlfn.DROP(INDEX(BUFF表[],MATCH($E31,BUFF表[名称],0),),,MATCH("描述",BUFF表[#Headers],0)))*(_xlfn.DROP(INDEX(BUFF表[],MATCH($E31,BUFF表[名称],0),),,MATCH("描述",BUFF表[#Headers],0))<>""),COLUMN(_xlfn.DROP(INDEX(BUFF表[],MATCH($E31,BUFF表[名称],0),),,MATCH("描述",BUFF表[#Headers],0)))*(_xlfn.DROP(INDEX(BUFF表[],MATCH($E31,BUFF表[名称],0),),,MATCH("描述",BUFF表[#Headers],0))<>"")<>0),ROUNDUP(COLUMNS($G31:G31)/2,0))),"")} -> 背水 | H31: {=IFERROR(ROUND(IFERROR(1/VLOOKUP($E31,BUFF表[],MATCH("a",BUFF表[#Headers],0),0)*(1+1/VLOOKUP($E31,BUFF表[],MATCH("b",BUFF表[#Headers],0),0)*(IF($F31="",VLOOKUP($E31,BUFF表[],MATCH("dx",BUFF表[#Headers],0),0),$F31)-VLOOKUP($E31,BUFF表[],MATCH("lx",BUFF表[#Headers],0),0))),1)*INDEX(INDEX(BUFF表[],MATCH($E31,BUFF表[名称],0),),SMALL(_xlfn._xlws.FILTER(COLUMN(_xlfn.DROP(INDEX(BUFF表[],MATCH($E31,BUFF表[名称],0),),,MATCH("描述",BUFF表[#Headers],0)))*(_xlfn.DROP(INDEX(BUFF表[],MATCH($E31,BUFF表[名称],0),),,MATCH("描述",BUFF表[#Headers],0))<>""),COLUMN(_xlfn.DROP(INDEX(BUFF表[],MATCH($E31,BUFF表[名称],0),),,MATCH("描述",BUFF表[#Headers],0)))*(_xlfn.DROP(INDEX(BUFF表[],MATCH($E31,BUFF表[名称],0),),,MATCH("描述",BUFF表[#Headers],0))<>"")<>0),ROUNDUP(COLUMNS($G31:G31)/2,0))),3),"")} -> 0.12 | I31: {=IFERROR(INDEX(BUFF表[#Headers],SMALL(_xlfn._xlws.FILTER(COLUMN(_xlfn.DROP(INDEX(BUFF表[],MATCH($E31,BUFF表[名称],0),),,MATCH("描述",BUFF表[#Headers],0)))*(_xlfn.DROP(INDEX(BUFF表[],MATCH($E31,BUFF表[名称],0),),,MATCH("描述",BUFF表[#Headers],0))<>""),COLUMN(_xlfn.DROP(INDEX(BUFF表[],MATCH($E31,BUFF表[名称],0),),,MATCH("描述",BUFF表[#Headers],0)))*(_xlfn.DROP(INDEX(BUFF表[],MATCH($E31,BUFF表[名称],0),),,MATCH("描述",BUFF表[#Headers],0))<>"")<>0),ROUNDUP(COLUMNS($G31:I31)/2,0))),"")} -> 属性伤 | J31: {=IFERROR(ROUND(IFERROR(1/VLOOKUP($E31,BUFF表[],MATCH("a",BUFF表[#Headers],0),0)*(1+1/VLOOKUP($E31,BUFF表[],MATCH("b",BUFF表[#Headers],0),0)*(IF($F31="",VLOOKUP($E31,BUFF表[],MATCH("dx",BUFF表[#Headers],0),0),$F31)-VLOOKUP($E31,BUFF表[],MATCH("lx",BUFF表[#Headers],0),0))),1)*INDEX(INDEX(BUFF表[],MATCH($E31,BUFF表[名称],0),),SMALL(_xlfn._xlws.FILTER(COLUMN(_xlfn.DROP(INDEX(BUFF表[],MATCH($E31,BUFF表[名称],0),),,MATCH("描述",BUFF表[#Headers],0)))*(_xlfn.DROP(INDEX(BUFF表[],MATCH($E31,BUFF表[名称],0),),,MATCH("描述",BUFF表[#Headers],0))<>""),COLUMN(_xlfn.DROP(INDEX(BUFF表[],MATCH($E31,BUFF表[名称],0),),,MATCH("描述",BUFF表[#Headers],0)))*(_xlfn.DROP(INDEX(BUFF表[],MATCH($E31,BUFF表[名称],0),),,MATCH("描述",BUFF表[#Headers],0))<>"")<>0),ROUNDUP(COLUMNS($G31:I31)/2,0))),3),"")} -> 0.048 | K31: {=IFERROR(INDEX(BUFF表[#Headers],SMALL(_xlfn._xlws.FILTER(COLUMN(_xlfn.DROP(INDEX(BUFF表[],MATCH($E31,BUFF表[名称],0),),,MATCH("描述",BUFF表[#Headers],0)))*(_xlfn.DROP(INDEX(BUFF表[],MATCH($E31,BUFF表[名称],0),),,MATCH("描述",BUFF表[#Headers],0))<>""),COLUMN(_xlfn.DROP(INDEX(BUFF表[],MATCH($E31,BUFF表[名称],0),),,MATCH("描述",BUFF表[#Headers],0)))*(_xlfn.DROP(INDEX(BUFF表[],MATCH($E31,BUFF表[名称],0),),,MATCH("描述",BUFF表[#Headers],0))<>"")<>0),ROUNDUP(COLUMNS($G31:K31)/2,0))),"")} -> MOD属性 | L31: {=IFERROR(ROUND(IFERROR(1/VLOOKUP($E31,BUFF表[],MATCH("a",BUFF表[#Headers],0),0)*(1+1/VLOOKUP($E31,BUFF表[],MATCH("b",BUFF表[#Headers],0),0)*(IF($F31="",VLOOKUP($E31,BUFF表[],MATCH("dx",BUFF表[#Headers],0),0),$F31)-VLOOKUP($E31,BUFF表[],MATCH("lx",BUFF表[#Headers],0),0))),1)*INDEX(INDEX(BUFF表[],MATCH($E31,BUFF表[名称],0),),SMALL(_xlfn._xlws.FILTER(COLUMN(_xlfn.DROP(INDEX(BUFF表[],MATCH($E31,BUFF表[名称],0),),,MATCH("描述",BUFF表[#Headers],0)))*(_xlfn.DROP(INDEX(BUFF表[],MATCH($E31,BUFF表[名称],0),),,MATCH("描述",BUFF表[#Headers],0))<>""),COLUMN(_xlfn.DROP(INDEX(BUFF表[],MATCH($E31,BUFF表[名称],0),),,MATCH("描述",BUFF表[#Headers],0)))*(_xlfn.DROP(INDEX(BUFF表[],MATCH($E31,BUFF表[名称],0),),,MATCH("描述",BUFF表[#Headers],0))<>"")<>0),ROUNDUP(COLUMNS($G31:K31)/2,0))),3),"")} -> 0.018 | M31: {=IFERROR(INDEX(BUFF表[#Headers],SMALL(_xlfn._xlws.FILTER(COLUMN(_xlfn.DROP(INDEX(BUFF表[],MATCH($E31,BUFF表[名称],0),),,MATCH("描述",BUFF表[#Headers],0)))*(_xlfn.DROP(INDEX(BUFF表[],MATCH($E31,BUFF表[名称],0),),,MATCH("描述",BUFF表[#Headers],0))<>""),COLUMN(_xlfn.DROP(INDEX(BUFF表[],MATCH($E31,BUFF表[名称],0),),,MATCH("描述",BUFF表[#Headers],0)))*(_xlfn.DROP(INDEX(BUFF表[],MATCH($E31,BUFF表[名称],0),),,MATCH("描述",BUFF表[#Headers],0))<>"")<>0),ROUNDUP(COLUMNS($G31:M31)/2,0))),"")} | N31: {=IFERROR(ROUND(IFERROR(1/VLOOKUP($E31,BUFF表[],MATCH("a",BUFF表[#Headers],0),0)*(1+1/VLOOKUP($E31,BUFF表[],MATCH("b",BUFF表[#Headers],0),0)*(IF($F31="",VLOOKUP($E31,BUFF表[],MATCH("dx",BUFF表[#Headers],0),0),$F31)-VLOOKUP($E31,BUFF表[],MATCH("lx",BUFF表[#Headers],0),0))),1)*INDEX(INDEX(BUFF表[],MATCH($E31,BUFF表[名称],0),),SMALL(_xlfn._xlws.FILTER(COLUMN(_xlfn.DROP(INDEX(BUFF表[],MATCH($E31,BUFF表[名称],0),),,MATCH("描述",BUFF表[#Headers],0)))*(_xlfn.DROP(INDEX(BUFF表[],MATCH($E31,BUFF表[名称],0),),,MATCH("描述",BUFF表[#Headers],0))<>""),COLUMN(_xlfn.DROP(INDEX(BUFF表[],MATCH($E31,BUFF表[名称],0),),,MATCH("描述",BUFF表[#Headers],0)))*(_xlfn.DROP(INDEX(BUFF表[],MATCH($E31,BUFF表[名称],0),),,MATCH("描述",BUFF表[#Headers],0))<>"")<>0),ROUNDUP(COLUMNS($G31:M31)/2,0))),3),"")} | O31: =IFERROR(VLOOKUP(E31,BUFF表[],MATCH("描述",BUFF表[#Headers],0),0),"") -> 自身及协战同伴风属性攻击+4.8%，前缀为[狮鹫][百首][契约者]的风属性魔之楔提供的属性提高1.8%。 | T31: {=X31*SUM(B$24*U31,B$26*V31,B$25*W31,B$27)*昂扬背水乘区(AB31,AC31)*SUM(1,AD31,AE31)*(1-敌方抗性+AF31)*(1+AG31)/IF($A$39="DPMP",ROUNDUP($B$30*(2-Z31),0),1)/IF($A$39="DPSMP",ROUNDUP($B$31*MAX(0.25,(2-Z31)/Y31),0),1)*防御乘区(AH31)} -> 745432.21 | U31: {=删BUFF取角色属性(U$18,ROWS($E$19:$E31))*(1+删BUFF取角色属性("属性伤",ROWS($E$19:$E31)))} -> 5814.976 | V31: {=$B$8*SUM(1,$H$3,IFERROR(VLOOKUP($B$3,角色表[],MATCH(V$18,角色表[#Headers],0),0),0),IFERROR((5+$D$60)/10*VLOOKUP(近战武器,近战武器表[],MATCH(V$18,近战武器表[#Headers],0),0),0),IFERROR((5+$D$92)/10*VLOOKUP(远程武器,远程武器表[],MATCH(V$18,远程武器表[#Headers],0),0),0),IFERROR(_xlfn.MAP(($J$7:$J$14+1)/IF($G$7:$G$14="金",11,IF($G$7:$G$14="绿",4,6)),_xlfn.LAMBDA(_xlpm.a,IF(_xlpm.a>1,1,_xlpm.a)))*_xlfn.MAP(角色MOD,_xlfn.LAMBDA(_xlpm.x,IF(ISNUMBER(MATCH(VLOOKUP(_xlpm.x,角色MOD表[],MATCH("系列",角色MOD表[#Headers],0),0),{"百首","狮鹫","契约者"},0)),1+SUM(IFERROR(VLOOKUP(_xlfn._xlws.FILTER(BUFF,_xlfn.SEQUENCE(ROWS(BUFF))<>ROWS($E$19:$E31)),BUFF表[],MATCH("MOD属性",BUFF表[#Headers],0),0),0)),1)))*VLOOKUP(角色MOD,角色MOD表[],MATCH(V$18,角色MOD表[#Headers],0),0),0),IFERROR(VLOOKUP(_xlfn._xlws.FILTER(BUFF,_xlfn.SEQUENCE(ROWS(BUFF))<>ROWS($E$19:$E31)),BUFF表[],MATCH(V$18,BUFF表[#Headers],0),0),0))} -> 3375.36 | W31: {=$B$10*SUM(1,$H$3,IFERROR(VLOOKUP($B$3,角色表[],MATCH(W$18,角色表[#Headers],0),0),0),IFERROR((5+$D$60)/10*VLOOKUP(近战武器,近战武器表[],MATCH(W$18,近战武器表[#Headers],0),0),0),IFERROR((5+$D$92)/10*VLOOKUP(远程武器,远程武器表[],MATCH(W$18,远程武器表[#Headers],0),0),0),IFERROR(_xlfn.MAP(($J$7:$J$14+1)/IF($G$7:$G$14="金",11,IF($G$7:$G$14="绿",4,6)),_xlfn.LAMBDA(_xlpm.a,IF(_xlpm.a>1,1,_xlpm.a)))*_xlfn.MAP(角色MOD,_xlfn.LAMBDA(_xlpm.x,IF(ISNUMBER(MATCH(VLOOKUP(_xlpm.x,角色MOD表[],MATCH("系列",角色MOD表[#Headers],0),0),{"百首","狮鹫","契约者"},0)),1+SUM(IFERROR(VLOOKUP(_xlfn._xlws.FILTER(BUFF,_xlfn.SEQUENCE(ROWS(BUFF))<>ROWS($E$19:$E31)),BUFF表[],MATCH("MOD属性",BUFF表[#Headers],0),0),0)),1)))*VLOOKUP(角色MOD,角色MOD表[],MATCH(W$18,角色MOD表[#Headers],0),0),0),IFERROR(VLOOKUP(_xlfn._xlws.FILTER(BUFF,_xlfn.SEQUENCE(ROWS(BUFF))<>ROWS($E$19:$E31)),BUFF表[],MATCH(W$18,BUFF表[#Headers],0),0),0))} -> 967.68 | X31: {=删BUFF取角色属性(X$18,ROWS($E$19:$E31))} -> 7.97 | Y31: {=删BUFF取角色属性(Y$18,ROWS($E$19:$E31))} -> 1.2 | Z31: {=删BUFF取角色属性(Z$18,ROWS($E$19:$E31))} -> 0 | AA31: {=删BUFF取角色属性(AA$18,ROWS($E$19:$E31))} -> 1.33 | AB31: {=删BUFF取角色属性(AB$18,ROWS($E$19:$E31))} -> 0 | AC31: {=删BUFF取角色属性(AC$18,ROWS($E$19:$E31))} -> 0.709 | AD31: {=删BUFF取角色属性(AD$18,ROWS($E$19:$E31))} -> 2.25 | AE31: {=删BUFF取角色属性(AE$18,ROWS($E$19:$E31))} -> 0 | ... AH31: {=删BUFF取角色属性(AH$18,ROWS($E$19:$E31))} -> 0 | AV31: 锋芒长柄 | AW31: 攻势 | AX31: 追猎
A32: 技能速度 | B32: 0 | C32: {=取角色总属性(A32)} -> 0 | D32: =(B$39-T32)/T32 -> 0 | E32: 全盛·安神 | G32: {=IFERROR(INDEX(BUFF表[#Headers],SMALL(_xlfn._xlws.FILTER(COLUMN(_xlfn.DROP(INDEX(BUFF表[],MATCH($E32,BUFF表[名称],0),),,MATCH("描述",BUFF表[#Headers],0)))*(_xlfn.DROP(INDEX(BUFF表[],MATCH($E32,BUFF表[名称],0),),,MATCH("描述",BUFF表[#Headers],0))<>""),COLUMN(_xlfn.DROP(INDEX(BUFF表[],MATCH($E32,BUFF表[名称],0),),,MATCH("描述",BUFF表[#Headers],0)))*(_xlfn.DROP(INDEX(BUFF表[],MATCH($E32,BUFF表[名称],0),),,MATCH("描述",BUFF表[#Headers],0))<>"")<>0),ROUNDUP(COLUMNS($G32:G32)/2,0))),"")} -> 神智回复 | H32: {=IFERROR(ROUND(IFERROR(1/VLOOKUP($E32,BUFF表[],MATCH("a",BUFF表[#Headers],0),0)*(1+1/VLOOKUP($E32,BUFF表[],MATCH("b",BUFF表[#Headers],0),0)*(IF($F32="",VLOOKUP($E32,BUFF表[],MATCH("dx",BUFF表[#Headers],0),0),$F32)-VLOOKUP($E32,BUFF表[],MATCH("lx",BUFF表[#Headers],0),0))),1)*INDEX(INDEX(BUFF表[],MATCH($E32,BUFF表[名称],0),),SMALL(_xlfn._xlws.FILTER(COLUMN(_xlfn.DROP(INDEX(BUFF表[],MATCH($E32,BUFF表[名称],0),),,MATCH("描述",BUFF表[#Headers],0)))*(_xlfn.DROP(INDEX(BUFF表[],MATCH($E32,BUFF表[名称],0),),,MATCH("描述",BUFF表[#Headers],0))<>""),COLUMN(_xlfn.DROP(INDEX(BUFF表[],MATCH($E32,BUFF表[名称],0),),,MATCH("描述",BUFF表[#Headers],0)))*(_xlfn.DROP(INDEX(BUFF表[],MATCH($E32,BUFF表[名称],0),),,MATCH("描述",BUFF表[#Headers],0))<>"")<>0),ROUNDUP(COLUMNS($G32:G32)/2,0))),3),"")} -> 12 | I32: {=IFERROR(INDEX(BUFF表[#Headers],SMALL(_xlfn._xlws.FILTER(COLUMN(_xlfn.DROP(INDEX(BUFF表[],MATCH($E32,BUFF表[名称],0),),,MATCH("描述",BUFF表[#Headers],0)))*(_xlfn.DROP(INDEX(BUFF表[],MATCH($E32,BUFF表[名称],0),),,MATCH("描述",BUFF表[#Headers],0))<>""),COLUMN(_xlfn.DROP(INDEX(BUFF表[],MATCH($E32,BUFF表[名称],0),),,MATCH("描述",BUFF表[#Headers],0)))*(_xlfn.DROP(INDEX(BUFF表[],MATCH($E32,BUFF表[名称],0),),,MATCH("描述",BUFF表[#Headers],0))<>"")<>0),ROUNDUP(COLUMNS($G32:I32)/2,0))),"")} | J32: {=IFERROR(ROUND(IFERROR(1/VLOOKUP($E32,BUFF表[],MATCH("a",BUFF表[#Headers],0),0)*(1+1/VLOOKUP($E32,BUFF表[],MATCH("b",BUFF表[#Headers],0),0)*(IF($F32="",VLOOKUP($E32,BUFF表[],MATCH("dx",BUFF表[#Headers],0),0),$F32)-VLOOKUP($E32,BUFF表[],MATCH("lx",BUFF表[#Headers],0),0))),1)*INDEX(INDEX(BUFF表[],MATCH($E32,BUFF表[名称],0),),SMALL(_xlfn._xlws.FILTER(COLUMN(_xlfn.DROP(INDEX(BUFF表[],MATCH($E32,BUFF表[名称],0),),,MATCH("描述",BUFF表[#Headers],0)))*(_xlfn.DROP(INDEX(BUFF表[],MATCH($E32,BUFF表[名称],0),),,MATCH("描述",BUFF表[#Headers],0))<>""),COLUMN(_xlfn.DROP(INDEX(BUFF表[],MATCH($E32,BUFF表[名称],0),),,MATCH("描述",BUFF表[#Headers],0)))*(_xlfn.DROP(INDEX(BUFF表[],MATCH($E32,BUFF表[名称],0),),,MATCH("描述",BUFF表[#Headers],0))<>"")<>0),ROUNDUP(COLUMNS($G32:I32)/2,0))),3),"")} | K32: {=IFERROR(INDEX(BUFF表[#Headers],SMALL(_xlfn._xlws.FILTER(COLUMN(_xlfn.DROP(INDEX(BUFF表[],MATCH($E32,BUFF表[名称],0),),,MATCH("描述",BUFF表[#Headers],0)))*(_xlfn.DROP(INDEX(BUFF表[],MATCH($E32,BUFF表[名称],0),),,MATCH("描述",BUFF表[#Headers],0))<>""),COLUMN(_xlfn.DROP(INDEX(BUFF表[],MATCH($E32,BUFF表[名称],0),),,MATCH("描述",BUFF表[#Headers],0)))*(_xlfn.DROP(INDEX(BUFF表[],MATCH($E32,BUFF表[名称],0),),,MATCH("描述",BUFF表[#Headers],0))<>"")<>0),ROUNDUP(COLUMNS($G32:K32)/2,0))),"")} | L32: {=IFERROR(ROUND(IFERROR(1/VLOOKUP($E32,BUFF表[],MATCH("a",BUFF表[#Headers],0),0)*(1+1/VLOOKUP($E32,BUFF表[],MATCH("b",BUFF表[#Headers],0),0)*(IF($F32="",VLOOKUP($E32,BUFF表[],MATCH("dx",BUFF表[#Headers],0),0),$F32)-VLOOKUP($E32,BUFF表[],MATCH("lx",BUFF表[#Headers],0),0))),1)*INDEX(INDEX(BUFF表[],MATCH($E32,BUFF表[名称],0),),SMALL(_xlfn._xlws.FILTER(COLUMN(_xlfn.DROP(INDEX(BUFF表[],MATCH($E32,BUFF表[名称],0),),,MATCH("描述",BUFF表[#Headers],0)))*(_xlfn.DROP(INDEX(BUFF表[],MATCH($E32,BUFF表[名称],0),),,MATCH("描述",BUFF表[#Headers],0))<>""),COLUMN(_xlfn.DROP(INDEX(BUFF表[],MATCH($E32,BUFF表[名称],0),),,MATCH("描述",BUFF表[#Headers],0)))*(_xlfn.DROP(INDEX(BUFF表[],MATCH($E32,BUFF表[名称],0),),,MATCH("描述",BUFF表[#Headers],0))<>"")<>0),ROUNDUP(COLUMNS($G32:K32)/2,0))),3),"")} | M32: {=IFERROR(INDEX(BUFF表[#Headers],SMALL(_xlfn._xlws.FILTER(COLUMN(_xlfn.DROP(INDEX(BUFF表[],MATCH($E32,BUFF表[名称],0),),,MATCH("描述",BUFF表[#Headers],0)))*(_xlfn.DROP(INDEX(BUFF表[],MATCH($E32,BUFF表[名称],0),),,MATCH("描述",BUFF表[#Headers],0))<>""),COLUMN(_xlfn.DROP(INDEX(BUFF表[],MATCH($E32,BUFF表[名称],0),),,MATCH("描述",BUFF表[#Headers],0)))*(_xlfn.DROP(INDEX(BUFF表[],MATCH($E32,BUFF表[名称],0),),,MATCH("描述",BUFF表[#Headers],0))<>"")<>0),ROUNDUP(COLUMNS($G32:M32)/2,0))),"")} | N32: {=IFERROR(ROUND(IFERROR(1/VLOOKUP($E32,BUFF表[],MATCH("a",BUFF表[#Headers],0),0)*(1+1/VLOOKUP($E32,BUFF表[],MATCH("b",BUFF表[#Headers],0),0)*(IF($F32="",VLOOKUP($E32,BUFF表[],MATCH("dx",BUFF表[#Headers],0),0),$F32)-VLOOKUP($E32,BUFF表[],MATCH("lx",BUFF表[#Headers],0),0))),1)*INDEX(INDEX(BUFF表[],MATCH($E32,BUFF表[名称],0),),SMALL(_xlfn._xlws.FILTER(COLUMN(_xlfn.DROP(INDEX(BUFF表[],MATCH($E32,BUFF表[名称],0),),,MATCH("描述",BUFF表[#Headers],0)))*(_xlfn.DROP(INDEX(BUFF表[],MATCH($E32,BUFF表[名称],0),),,MATCH("描述",BUFF表[#Headers],0))<>""),COLUMN(_xlfn.DROP(INDEX(BUFF表[],MATCH($E32,BUFF表[名称],0),),,MATCH("描述",BUFF表[#Headers],0)))*(_xlfn.DROP(INDEX(BUFF表[],MATCH($E32,BUFF表[名称],0),),,MATCH("描述",BUFF表[#Headers],0))<>"")<>0),ROUNDUP(COLUMNS($G32:M32)/2,0))),3),"")} | O32: =IFERROR(VLOOKUP(E32,BUFF表[],MATCH("描述",BUFF表[#Headers],0),0),"") -> 自身及队友每3秒额外回复12.0点神智 | T32: {=X32*SUM(B$24*U32,B$26*V32,B$25*W32,B$27)*昂扬背水乘区(AB32,AC32)*SUM(1,AD32,AE32)*(1-敌方抗性+AF32)*(1+AG32)/IF($A$39="DPMP",ROUNDUP($B$30*(2-Z32),0),1)/IF($A$39="DPSMP",ROUNDUP($B$31*MAX(0.25,(2-Z32)/Y32),0),1)*防御乘区(AH32)} -> 883554.8 | U32: {=删BUFF取角色属性(U$18,ROWS($E$19:$E32))*(1+删BUFF取角色属性("属性伤",ROWS($E$19:$E32)))} -> 6096.6876 | V32: {=$B$8*SUM(1,$H$3,IFERROR(VLOOKUP($B$3,角色表[],MATCH(V$18,角色表[#Headers],0),0),0),IFERROR((5+$D$60)/10*VLOOKUP(近战武器,近战武器表[],MATCH(V$18,近战武器表[#Headers],0),0),0),IFERROR((5+$D$92)/10*VLOOKUP(远程武器,远程武器表[],MATCH(V$18,远程武器表[#Headers],0),0),0),IFERROR(_xlfn.MAP(($J$7:$J$14+1)/IF($G$7:$G$14="金",11,IF($G$7:$G$14="绿",4,6)),_xlfn.LAMBDA(_xlpm.a,IF(_xlpm.a>1,1,_xlpm.a)))*_xlfn.MAP(角色MOD,_xlfn.LAMBDA(_xlpm.x,IF(ISNUMBER(MATCH(VLOOKUP(_xlpm.x,角色MOD表[],MATCH("系列",角色MOD表[#Headers],0),0),{"百首","狮鹫","契约者"},0)),1+SUM(IFERROR(VLOOKUP(_xlfn._xlws.FILTER(BUFF,_xlfn.SEQUENCE(ROWS(BUFF))<>ROWS($E$19:$E32)),BUFF表[],MATCH("MOD属性",BUFF表[#Headers],0),0),0)),1)))*VLOOKUP(角色MOD,角色MOD表[],MATCH(V$18,角色MOD表[#Headers],0),0),0),IFERROR(VLOOKUP(_xlfn._xlws.FILTER(BUFF,_xlfn.SEQUENCE(ROWS(BUFF))<>ROWS($E$19:$E32)),BUFF表[],MATCH(V$18,BUFF表[#Headers],0),0),0))} -> 3388.6505 | W32: {=$B$10*SUM(1,$H$3,IFERROR(VLOOKUP($B$3,角色表[],MATCH(W$18,角色表[#Headers],0),0),0),IFERROR((5+$D$60)/10*VLOOKUP(近战武器,近战武器表[],MATCH(W$18,近战武器表[#Headers],0),0),0),IFERROR((5+$D$92)/10*VLOOKUP(远程武器,远程武器表[],MATCH(W$18,远程武器表[#Headers],0),0),0),IFERROR(_xlfn.MAP(($J$7:$J$14+1)/IF($G$7:$G$14="金",11,IF($G$7:$G$14="绿",4,6)),_xlfn.LAMBDA(_xlpm.a,IF(_xlpm.a>1,1,_xlpm.a)))*_xlfn.MAP(角色MOD,_xlfn.LAMBDA(_xlpm.x,IF(ISNUMBER(MATCH(VLOOKUP(_xlpm.x,角色MOD表[],MATCH("系列",角色MOD表[#Headers],0),0),{"百首","狮鹫","契约者"},0)),1+SUM(IFERROR(VLOOKUP(_xlfn._xlws.FILTER(BUFF,_xlfn.SEQUENCE(ROWS(BUFF))<>ROWS($E$19:$E32)),BUFF表[],MATCH("MOD属性",BUFF表[#Headers],0),0),0)),1)))*VLOOKUP(角色MOD,角色MOD表[],MATCH(W$18,角色MOD表[#Headers],0),0),0),IFERROR(VLOOKUP(_xlfn._xlws.FILTER(BUFF,_xlfn.SEQUENCE(ROWS(BUFF))<>ROWS($E$19:$E32)),BUFF表[],MATCH(W$18,BUFF表[#Headers],0),0),0))} -> 971.49024 | X32: {=删BUFF取角色属性(X$18,ROWS($E$19:$E32))} -> 8.01554 | Y32: {=删BUFF取角色属性(Y$18,ROWS($E$19:$E32))} -> 1.2 | Z32: {=删BUFF取角色属性(Z$18,ROWS($E$19:$E32))} -> 0 | AA32: {=删BUFF取角色属性(AA$18,ROWS($E$19:$E32))} -> 1.33594 | AB32: {=删BUFF取角色属性(AB$18,ROWS($E$19:$E32))} -> 0 | AC32: {=删BUFF取角色属性(AC$18,ROWS($E$19:$E32))} -> 0.83008 | AD32: {=删BUFF取角色属性(AD$18,ROWS($E$19:$E32))} -> 2.25 | AE32: {=删BUFF取角色属性(AE$18,ROWS($E$19:$E32))} -> 0 | ... AH32: {=删BUFF取角色属性(AH$18,ROWS($E$19:$E32))} -> 0 | AV32: 锋芒重剑 | AW32: 专注 | AX32: 衰微
A33: 无视防御 | B33: =IF($B$4="护盾",1,0) -> 0 | C33: {=取角色总属性(A33)} -> 0 | D33: =(B$39-T33)/T33 -> 0 | G33: {=IFERROR(INDEX(BUFF表[#Headers],SMALL(_xlfn._xlws.FILTER(COLUMN(_xlfn.DROP(INDEX(BUFF表[],MATCH($E33,BUFF表[名称],0),),,MATCH("描述",BUFF表[#Headers],0)))*(_xlfn.DROP(INDEX(BUFF表[],MATCH($E33,BUFF表[名称],0),),,MATCH("描述",BUFF表[#Headers],0))<>""),COLUMN(_xlfn.DROP(INDEX(BUFF表[],MATCH($E33,BUFF表[名称],0),),,MATCH("描述",BUFF表[#Headers],0)))*(_xlfn.DROP(INDEX(BUFF表[],MATCH($E33,BUFF表[名称],0),),,MATCH("描述",BUFF表[#Headers],0))<>"")<>0),ROUNDUP(COLUMNS($G33:G33)/2,0))),"")} | H33: {=IFERROR(ROUND(IFERROR(1/VLOOKUP($E33,BUFF表[],MATCH("a",BUFF表[#Headers],0),0)*(1+1/VLOOKUP($E33,BUFF表[],MATCH("b",BUFF表[#Headers],0),0)*(IF($F33="",VLOOKUP($E33,BUFF表[],MATCH("dx",BUFF表[#Headers],0),0),$F33)-VLOOKUP($E33,BUFF表[],MATCH("lx",BUFF表[#Headers],0),0))),1)*INDEX(INDEX(BUFF表[],MATCH($E33,BUFF表[名称],0),),SMALL(_xlfn._xlws.FILTER(COLUMN(_xlfn.DROP(INDEX(BUFF表[],MATCH($E33,BUFF表[名称],0),),,MATCH("描述",BUFF表[#Headers],0)))*(_xlfn.DROP(INDEX(BUFF表[],MATCH($E33,BUFF表[名称],0),),,MATCH("描述",BUFF表[#Headers],0))<>""),COLUMN(_xlfn.DROP(INDEX(BUFF表[],MATCH($E33,BUFF表[名称],0),),,MATCH("描述",BUFF表[#Headers],0)))*(_xlfn.DROP(INDEX(BUFF表[],MATCH($E33,BUFF表[名称],0),),,MATCH("描述",BUFF表[#Headers],0))<>"")<>0),ROUNDUP(COLUMNS($G33:G33)/2,0))),3),"")} | I33: {=IFERROR(INDEX(BUFF表[#Headers],SMALL(_xlfn._xlws.FILTER(COLUMN(_xlfn.DROP(INDEX(BUFF表[],MATCH($E33,BUFF表[名称],0),),,MATCH("描述",BUFF表[#Headers],0)))*(_xlfn.DROP(INDEX(BUFF表[],MATCH($E33,BUFF表[名称],0),),,MATCH("描述",BUFF表[#Headers],0))<>""),COLUMN(_xlfn.DROP(INDEX(BUFF表[],MATCH($E33,BUFF表[名称],0),),,MATCH("描述",BUFF表[#Headers],0)))*(_xlfn.DROP(INDEX(BUFF表[],MATCH($E33,BUFF表[名称],0),),,MATCH("描述",BUFF表[#Headers],0))<>"")<>0),ROUNDUP(COLUMNS($G33:I33)/2,0))),"")} | J33: {=IFERROR(ROUND(IFERROR(1/VLOOKUP($E33,BUFF表[],MATCH("a",BUFF表[#Headers],0),0)*(1+1/VLOOKUP($E33,BUFF表[],MATCH("b",BUFF表[#Headers],0),0)*(IF($F33="",VLOOKUP($E33,BUFF表[],MATCH("dx",BUFF表[#Headers],0),0),$F33)-VLOOKUP($E33,BUFF表[],MATCH("lx",BUFF表[#Headers],0),0))),1)*INDEX(INDEX(BUFF表[],MATCH($E33,BUFF表[名称],0),),SMALL(_xlfn._xlws.FILTER(COLUMN(_xlfn.DROP(INDEX(BUFF表[],MATCH($E33,BUFF表[名称],0),),,MATCH("描述",BUFF表[#Headers],0)))*(_xlfn.DROP(INDEX(BUFF表[],MATCH($E33,BUFF表[名称],0),),,MATCH("描述",BUFF表[#Headers],0))<>""),COLUMN(_xlfn.DROP(INDEX(BUFF表[],MATCH($E33,BUFF表[名称],0),),,MATCH("描述",BUFF表[#Headers],0)))*(_xlfn.DROP(INDEX(BUFF表[],MATCH($E33,BUFF表[名称],0),),,MATCH("描述",BUFF表[#Headers],0))<>"")<>0),ROUNDUP(COLUMNS($G33:I33)/2,0))),3),"")} | K33: {=IFERROR(INDEX(BUFF表[#Headers],SMALL(_xlfn._xlws.FILTER(COLUMN(_xlfn.DROP(INDEX(BUFF表[],MATCH($E33,BUFF表[名称],0),),,MATCH("描述",BUFF表[#Headers],0)))*(_xlfn.DROP(INDEX(BUFF表[],MATCH($E33,BUFF表[名称],0),),,MATCH("描述",BUFF表[#Headers],0))<>""),COLUMN(_xlfn.DROP(INDEX(BUFF表[],MATCH($E33,BUFF表[名称],0),),,MATCH("描述",BUFF表[#Headers],0)))*(_xlfn.DROP(INDEX(BUFF表[],MATCH($E33,BUFF表[名称],0),),,MATCH("描述",BUFF表[#Headers],0))<>"")<>0),ROUNDUP(COLUMNS($G33:K33)/2,0))),"")} | L33: {=IFERROR(ROUND(IFERROR(1/VLOOKUP($E33,BUFF表[],MATCH("a",BUFF表[#Headers],0),0)*(1+1/VLOOKUP($E33,BUFF表[],MATCH("b",BUFF表[#Headers],0),0)*(IF($F33="",VLOOKUP($E33,BUFF表[],MATCH("dx",BUFF表[#Headers],0),0),$F33)-VLOOKUP($E33,BUFF表[],MATCH("lx",BUFF表[#Headers],0),0))),1)*INDEX(INDEX(BUFF表[],MATCH($E33,BUFF表[名称],0),),SMALL(_xlfn._xlws.FILTER(COLUMN(_xlfn.DROP(INDEX(BUFF表[],MATCH($E33,BUFF表[名称],0),),,MATCH("描述",BUFF表[#Headers],0)))*(_xlfn.DROP(INDEX(BUFF表[],MATCH($E33,BUFF表[名称],0),),,MATCH("描述",BUFF表[#Headers],0))<>""),COLUMN(_xlfn.DROP(INDEX(BUFF表[],MATCH($E33,BUFF表[名称],0),),,MATCH("描述",BUFF表[#Headers],0)))*(_xlfn.DROP(INDEX(BUFF表[],MATCH($E33,BUFF表[名称],0),),,MATCH("描述",BUFF表[#Headers],0))<>"")<>0),ROUNDUP(COLUMNS($G33:K33)/2,0))),3),"")} | M33: {=IFERROR(INDEX(BUFF表[#Headers],SMALL(_xlfn._xlws.FILTER(COLUMN(_xlfn.DROP(INDEX(BUFF表[],MATCH($E33,BUFF表[名称],0),),,MATCH("描述",BUFF表[#Headers],0)))*(_xlfn.DROP(INDEX(BUFF表[],MATCH($E33,BUFF表[名称],0),),,MATCH("描述",BUFF表[#Headers],0))<>""),COLUMN(_xlfn.DROP(INDEX(BUFF表[],MATCH($E33,BUFF表[名称],0),),,MATCH("描述",BUFF表[#Headers],0)))*(_xlfn.DROP(INDEX(BUFF表[],MATCH($E33,BUFF表[名称],0),),,MATCH("描述",BUFF表[#Headers],0))<>"")<>0),ROUNDUP(COLUMNS($G33:M33)/2,0))),"")} | N33: {=IFERROR(ROUND(IFERROR(1/VLOOKUP($E33,BUFF表[],MATCH("a",BUFF表[#Headers],0),0)*(1+1/VLOOKUP($E33,BUFF表[],MATCH("b",BUFF表[#Headers],0),0)*(IF($F33="",VLOOKUP($E33,BUFF表[],MATCH("dx",BUFF表[#Headers],0),0),$F33)-VLOOKUP($E33,BUFF表[],MATCH("lx",BUFF表[#Headers],0),0))),1)*INDEX(INDEX(BUFF表[],MATCH($E33,BUFF表[名称],0),),SMALL(_xlfn._xlws.FILTER(COLUMN(_xlfn.DROP(INDEX(BUFF表[],MATCH($E33,BUFF表[名称],0),),,MATCH("描述",BUFF表[#Headers],0)))*(_xlfn.DROP(INDEX(BUFF表[],MATCH($E33,BUFF表[名称],0),),,MATCH("描述",BUFF表[#Headers],0))<>""),COLUMN(_xlfn.DROP(INDEX(BUFF表[],MATCH($E33,BUFF表[名称],0),),,MATCH("描述",BUFF表[#Headers],0)))*(_xlfn.DROP(INDEX(BUFF表[],MATCH($E33,BUFF表[名称],0),),,MATCH("描述",BUFF表[#Headers],0))<>"")<>0),ROUNDUP(COLUMNS($G33:M33)/2,0))),3),"")} | O33: =IFERROR(VLOOKUP(E33,BUFF表[],MATCH("描述",BUFF表[#Headers],0),0),"") | T33: {=X33*SUM(B$24*U33,B$26*V33,B$25*W33,B$27)*昂扬背水乘区(AB33,AC33)*SUM(1,AD33,AE33)*(1-敌方抗性+AF33)*(1+AG33)/IF($A$39="DPMP",ROUNDUP($B$30*(2-Z33),0),1)/IF($A$39="DPSMP",ROUNDUP($B$31*MAX(0.25,(2-Z33)/Y33),0),1)*防御乘区(AH33)} -> 883554.8 | U33: {=删BUFF取角色属性(U$18,ROWS($E$19:$E33))*(1+删BUFF取角色属性("属性伤",ROWS($E$19:$E33)))} -> 6096.6876 | V33: {=$B$8*SUM(1,$H$3,IFERROR(VLOOKUP($B$3,角色表[],MATCH(V$18,角色表[#Headers],0),0),0),IFERROR((5+$D$60)/10*VLOOKUP(近战武器,近战武器表[],MATCH(V$18,近战武器表[#Headers],0),0),0),IFERROR((5+$D$92)/10*VLOOKUP(远程武器,远程武器表[],MATCH(V$18,远程武器表[#Headers],0),0),0),IFERROR(_xlfn.MAP(($J$7:$J$14+1)/IF($G$7:$G$14="金",11,IF($G$7:$G$14="绿",4,6)),_xlfn.LAMBDA(_xlpm.a,IF(_xlpm.a>1,1,_xlpm.a)))*_xlfn.MAP(角色MOD,_xlfn.LAMBDA(_xlpm.x,IF(ISNUMBER(MATCH(VLOOKUP(_xlpm.x,角色MOD表[],MATCH("系列",角色MOD表[#Headers],0),0),{"百首","狮鹫","契约者"},0)),1+SUM(IFERROR(VLOOKUP(_xlfn._xlws.FILTER(BUFF,_xlfn.SEQUENCE(ROWS(BUFF))<>ROWS($E$19:$E33)),BUFF表[],MATCH("MOD属性",BUFF表[#Headers],0),0),0)),1)))*VLOOKUP(角色MOD,角色MOD表[],MATCH(V$18,角色MOD表[#Headers],0),0),0),IFERROR(VLOOKUP(_xlfn._xlws.FILTER(BUFF,_xlfn.SEQUENCE(ROWS(BUFF))<>ROWS($E$19:$E33)),BUFF表[],MATCH(V$18,BUFF表[#Headers],0),0),0))} -> 3388.6505 | W33: {=$B$10*SUM(1,$H$3,IFERROR(VLOOKUP($B$3,角色表[],MATCH(W$18,角色表[#Headers],0),0),0),IFERROR((5+$D$60)/10*VLOOKUP(近战武器,近战武器表[],MATCH(W$18,近战武器表[#Headers],0),0),0),IFERROR((5+$D$92)/10*VLOOKUP(远程武器,远程武器表[],MATCH(W$18,远程武器表[#Headers],0),0),0),IFERROR(_xlfn.MAP(($J$7:$J$14+1)/IF($G$7:$G$14="金",11,IF($G$7:$G$14="绿",4,6)),_xlfn.LAMBDA(_xlpm.a,IF(_xlpm.a>1,1,_xlpm.a)))*_xlfn.MAP(角色MOD,_xlfn.LAMBDA(_xlpm.x,IF(ISNUMBER(MATCH(VLOOKUP(_xlpm.x,角色MOD表[],MATCH("系列",角色MOD表[#Headers],0),0),{"百首","狮鹫","契约者"},0)),1+SUM(IFERROR(VLOOKUP(_xlfn._xlws.FILTER(BUFF,_xlfn.SEQUENCE(ROWS(BUFF))<>ROWS($E$19:$E33)),BUFF表[],MATCH("MOD属性",BUFF表[#Headers],0),0),0)),1)))*VLOOKUP(角色MOD,角色MOD表[],MATCH(W$18,角色MOD表[#Headers],0),0),0),IFERROR(VLOOKUP(_xlfn._xlws.FILTER(BUFF,_xlfn.SEQUENCE(ROWS(BUFF))<>ROWS($E$19:$E33)),BUFF表[],MATCH(W$18,BUFF表[#Headers],0),0),0))} -> 971.49024 | X33: {=删BUFF取角色属性(X$18,ROWS($E$19:$E33))} -> 8.01554 | Y33: {=删BUFF取角色属性(Y$18,ROWS($E$19:$E33))} -> 1.2 | Z33: {=删BUFF取角色属性(Z$18,ROWS($E$19:$E33))} -> 0 | AA33: {=删BUFF取角色属性(AA$18,ROWS($E$19:$E33))} -> 1.33594 | AB33: {=删BUFF取角色属性(AB$18,ROWS($E$19:$E33))} -> 0 | AC33: {=删BUFF取角色属性(AC$18,ROWS($E$19:$E33))} -> 0.83008 | AD33: {=删BUFF取角色属性(AD$18,ROWS($E$19:$E33))} -> 2.25 | AE33: {=删BUFF取角色属性(AE$18,ROWS($E$19:$E33))} -> 0 | ... AH33: {=删BUFF取角色属性(AH$18,ROWS($E$19:$E33))} -> 0 | AV33: 锋芒双刀 | AW33: 盛怒 | AX33: 横暴
A34: 异常数量 | B34: 1 | C34: {=B34+取角色总属性(A34)} -> 5 | D34: {=PRODUCT(D19:D33+1)-1} -> 7.1554005 | AV34: 锋芒鞭刃 | AW34: 缠缚 | AX34: 余威
A35: 神智回复 | B35: =2+ROUNDDOWN(B11/200,0) -> 2 | C35: {=ROUND(SUM(2+ROUNDDOWN(C11/200,0),取角色总属性(A35)+0),0)} -> 14 | AV35: 锋芒太刀 | AW35: 锋锐 | AX35: 丰收
A36: 耗尽时间 | B36: {=_xlfn.MAP(IFERROR(基础神智/(B31-B35/3),-1),_xlfn.LAMBDA(_xlpm.x,IF(_xlpm.x<0,"无限",_xlpm.x)))} -> 无限 | C36: {=_xlfn.MAP(IFERROR(C11/(C31-C35/3),-1),_xlfn.LAMBDA(_xlpm.x,IF(_xlpm.x<0,"无限",_xlpm.x)))} -> 无限 | AV36: 锋芒手枪 | AW36: 透析 | AX36: 灵巧
AV37: 锋芒双枪 | AW37: 重压 | AX37: 弓矢
A38: 伤害 | D38: 单MOD收益对比 | AV38: 锋芒榴炮 | AW38: 攻势·专注 | AX38: 箭匣
A39: DPA | B39: {=SUM(C24*C7,C26*C8,C25*C10,C27)*(1+C16*$F$4)*(1+4*C17*(1-MAX(0.25,$F$4))*(1.5-MAX(0.25,$F$4)))*SUM(1,C18,C21)*(1-$M$4+$C$22)*(1+$C$19)/IF($A$39="DPMP",$C$30,1)/IF($A$39="DPSMP",$C$31,1)*_xlfn.MAP($M$3,_xlfn.LAMBDA(_xlpm.v,1-(1-(1-_xlpm.v/(30+_xlpm.v-MAX(0,MIN(20,MIN(80,$J$3)-$F$3)))))*(1-$C$33)))} -> 883554.8 | D39: 收益 | E39: 名称 | F39: 系列 | G39: 品质 | H39: 极性 | I39: 耐受 | J39: 强化 | K39: 极化 | L39: 属性1 | N39: 属性2 | P39: 属性3 | R39: 属性4 | T39: 添加后期望 | U39: 攻击 | V39: 生命 | W39: 防御 | X39: 威力 | Y39: 耐久 | Z39: 效益 | AA39: 范围 | AB39: 昂扬 | AC39: 背水 | AD39: 增伤 | AE39: 技能伤害 | AF39: 属性穿透 | AG39: 独立增伤 | AH39: 无视防御 | AV39: 锋芒霰弹枪 | AW39: 盛怒·缠缚 | AX39: 重压·缠缚
A40: 数值期望 | D40: =(T40-B$39)/B$39 -> -0.26074351 | E40: =VLOOKUP($B$6,$BD$2:$BI$7,ROWS(E$40:E40)+1,0) -> 薰风吐息(触发) | F40: =IFERROR(VLOOKUP($E40,角色MOD表[],MATCH(F$6,角色MOD表[#Headers],0),0),"") | G40: =IFERROR(VLOOKUP($E40,角色MOD表[],MATCH(G$6,角色MOD表[#Headers],0),0),"") | H40: =IFERROR(VLOOKUP($E40,角色MOD表[],MATCH(H$6,角色MOD表[#Headers],0),0),"")&"" | I40: =IF(AND(K40<>"",H40<>""),ROUNDUP(IF(H40=K40,IFERROR(VLOOKUP($E40,角色MOD表[],6,0)+$J40-IF($G40="金",10,IF($G40="绿",3,5)),0)/2,IFERROR(VLOOKUP($E40,角色MOD表[],6,0)+$J40-IF($G40="金",10,IF($G40="绿",3,5)),0)*1.5),0),IFERROR(VLOOKUP($E40,角色MOD表[],6,0)+$J40-IF($G40="金",10,IF($G40="绿",3,5)),0)) -> 0 | J40: 10 | L40: {=IFERROR(INDEX(角色MOD表[#Headers],SMALL(_xlfn._xlws.FILTER(COLUMN(_xlfn.DROP(INDEX(角色MOD表[],MATCH($E40,角色MOD表[名称],0),),,MATCH("耐受",角色MOD表[#Headers],0)))*(_xlfn.DROP(INDEX(角色MOD表[],MATCH($E40,角色MOD表[名称],0),),,6)<>""),COLUMN(_xlfn.DROP(INDEX(角色MOD表[],MATCH($E40,角色MOD表[名称],0),),,MATCH("耐受",角色MOD表[#Headers],0)))*(_xlfn.DROP(INDEX(角色MOD表[],MATCH($E40,角色MOD表[名称],0),),,6)<>"")<>0),ROUNDUP(COLUMNS($L40:L40)/2,0))),"")} | M40: {=IFERROR(_xlfn.MAP(INDEX(INDEX(角色MOD表[],MATCH($E40,角色MOD表[名称],0),),SMALL(_xlfn._xlws.FILTER(COLUMN(_xlfn.DROP(INDEX(角色MOD表[],MATCH($E40,角色MOD表[名称],0),),,MATCH("耐受",角色MOD表[#Headers],0)))*(_xlfn.DROP(INDEX(角色MOD表[],MATCH($E40,角色MOD表[名称],0),),,MATCH("耐受",角色MOD表[#Headers],0))<>""),COLUMN(_xlfn.DROP(INDEX(角色MOD表[],MATCH($E40,角色MOD表[名称],0),),,MATCH("耐受",角色MOD表[#Headers],0)))*(_xlfn.DROP(INDEX(角色MOD表[],MATCH($E40,角色MOD表[名称],0),),,MATCH("耐受",角色MOD表[#Headers],0))<>"")<>0),ROUNDUP(COLUMNS($L40:L40)/2,0))),_xlfn.LAMBDA(_xlpm.x,IFERROR(IF(ISNUMBER(MATCH($F40,{"百首","狮鹫","契约者"},0)),1+SUM(IFERROR(BUFF层数乘数*VLOOKUP(BUFF,BUFF表[],MATCH("MOD属性",BUFF表[#Headers],0),0),0)),1)*MIN(1,($J40+1)/IF($G40="金",11,IF($G40="绿",4,6)))*_xlpm.x,_xlpm.x))),"")} | N40: {=IFERROR(INDEX(角色MOD表[#Headers],SMALL(_xlfn._xlws.FILTER(COLUMN(_xlfn.DROP(INDEX(角色MOD表[],MATCH($E40,角色MOD表[名称],0),),,MATCH("耐受",角色MOD表[#Headers],0)))*(_xlfn.DROP(INDEX(角色MOD表[],MATCH($E40,角色MOD表[名称],0),),,6)<>""),COLUMN(_xlfn.DROP(INDEX(角色MOD表[],MATCH($E40,角色MOD表[名称],0),),,MATCH("耐受",角色MOD表[#Headers],0)))*(_xlfn.DROP(INDEX(角色MOD表[],MATCH($E40,角色MOD表[名称],0),),,6)<>"")<>0),ROUNDUP(COLUMNS($L40:N40)/2,0))),"")} | O40: {=IFERROR(_xlfn.MAP(INDEX(INDEX(角色MOD表[],MATCH($E40,角色MOD表[名称],0),),SMALL(_xlfn._xlws.FILTER(COLUMN(_xlfn.DROP(INDEX(角色MOD表[],MATCH($E40,角色MOD表[名称],0),),,MATCH("耐受",角色MOD表[#Headers],0)))*(_xlfn.DROP(INDEX(角色MOD表[],MATCH($E40,角色MOD表[名称],0),),,MATCH("耐受",角色MOD表[#Headers],0))<>""),COLUMN(_xlfn.DROP(INDEX(角色MOD表[],MATCH($E40,角色MOD表[名称],0),),,MATCH("耐受",角色MOD表[#Headers],0)))*(_xlfn.DROP(INDEX(角色MOD表[],MATCH($E40,角色MOD表[名称],0),),,MATCH("耐受",角色MOD表[#Headers],0))<>"")<>0),ROUNDUP(COLUMNS($L40:N40)/2,0))),_xlfn.LAMBDA(_xlpm.x,IFERROR(IF(ISNUMBER(MATCH($F40,{"百首","狮鹫","契约者"},0)),1+SUM(IFERROR(BUFF层数乘数*VLOOKUP(BUFF,BUFF表[],MATCH("MOD属性",BUFF表[#Headers],0),0),0)),1)*MIN(1,($J40+1)/IF($G40="金",11,IF($G40="绿",4,6)))*_xlpm.x,_xlpm.x))),"")} | P40: {=IFERROR(INDEX(角色MOD表[#Headers],SMALL(_xlfn._xlws.FILTER(COLUMN(_xlfn.DROP(INDEX(角色MOD表[],MATCH($E40,角色MOD表[名称],0),),,MATCH("耐受",角色MOD表[#Headers],0)))*(_xlfn.DROP(INDEX(角色MOD表[],MATCH($E40,角色MOD表[名称],0),),,6)<>""),COLUMN(_xlfn.DROP(INDEX(角色MOD表[],MATCH($E40,角色MOD表[名称],0),),,MATCH("耐受",角色MOD表[#Headers],0)))*(_xlfn.DROP(INDEX(角色MOD表[],MATCH($E40,角色MOD表[名称],0),),,6)<>"")<>0),ROUNDUP(COLUMNS($L40:P40)/2,0))),"")} | Q40: {=IFERROR(_xlfn.MAP(INDEX(INDEX(角色MOD表[],MATCH($E40,角色MOD表[名称],0),),SMALL(_xlfn._xlws.FILTER(COLUMN(_xlfn.DROP(INDEX(角色MOD表[],MATCH($E40,角色MOD表[名称],0),),,MATCH("耐受",角色MOD表[#Headers],0)))*(_xlfn.DROP(INDEX(角色MOD表[],MATCH($E40,角色MOD表[名称],0),),,MATCH("耐受",角色MOD表[#Headers],0))<>""),COLUMN(_xlfn.DROP(INDEX(角色MOD表[],MATCH($E40,角色MOD表[名称],0),),,MATCH("耐受",角色MOD表[#Headers],0)))*(_xlfn.DROP(INDEX(角色MOD表[],MATCH($E40,角色MOD表[名称],0),),,MATCH("耐受",角色MOD表[#Headers],0))<>"")<>0),ROUNDUP(COLUMNS($L40:P40)/2,0))),_xlfn.LAMBDA(_xlpm.x,IFERROR(IF(ISNUMBER(MATCH($F40,{"百首","狮鹫","契约者"},0)),1+SUM(IFERROR(BUFF层数乘数*VLOOKUP(BUFF,BUFF表[],MATCH("MOD属性",BUFF表[#Headers],0),0),0)),1)*MIN(1,($J40+1)/IF($G40="金",11,IF($G40="绿",4,6)))*_xlpm.x,_xlpm.x))),"")} | R40: {=IFERROR(INDEX(角色MOD表[#Headers],SMALL(_xlfn._xlws.FILTER(COLUMN(_xlfn.DROP(INDEX(角色MOD表[],MATCH($E40,角色MOD表[名称],0),),,MATCH("耐受",角色MOD表[#Headers],0)))*(_xlfn.DROP(INDEX(角色MOD表[],MATCH($E40,角色MOD表[名称],0),),,6)<>""),COLUMN(_xlfn.DROP(INDEX(角色MOD表[],MATCH($E40,角色MOD表[名称],0),),,MATCH("耐受",角色MOD表[#Headers],0)))*(_xlfn.DROP(INDEX(角色MOD表[],MATCH($E40,角色MOD表[名称],0),),,6)<>"")<>0),ROUNDUP(COLUMNS($L40:R40)/2,0))),"")} | S40: {=IFERROR(_xlfn.MAP(INDEX(INDEX(角色MOD表[],MATCH($E40,角色MOD表[名称],0),),SMALL(_xlfn._xlws.FILTER(COLUMN(_xlfn.DROP(INDEX(角色MOD表[],MATCH($E40,角色MOD表[名称],0),),,MATCH("耐受",角色MOD表[#Headers],0)))*(_xlfn.DROP(INDEX(角色MOD表[],MATCH($E40,角色MOD表[名称],0),),,MATCH("耐受",角色MOD表[#Headers],0))<>""),COLUMN(_xlfn.DROP(INDEX(角色MOD表[],MATCH($E40,角色MOD表[名称],0),),,MATCH("耐受",角色MOD表[#Headers],0)))*(_xlfn.DROP(INDEX(角色MOD表[],MATCH($E40,角色MOD表[名称],0),),,MATCH("耐受",角色MOD表[#Headers],0))<>"")<>0),ROUNDUP(COLUMNS($L40:R40)/2,0))),_xlfn.LAMBDA(_xlpm.x,IFERROR(IF(ISNUMBER(MATCH($F40,{"百首","狮鹫","契约者"},0)),1+SUM(IFERROR(BUFF层数乘数*VLOOKUP(BUFF,BUFF表[],MATCH("MOD属性",BUFF表[#Headers],0),0),0)),1)*MIN(1,($J40+1)/IF($G40="金",11,IF($G40="绿",4,6)))*_xlpm.x,_xlpm.x))),"")} | T40: {=X40*SUM(B$24*U40,B$26*V40,B$25*W40,B$27)*昂扬背水乘区(AB40,AC40)*SUM(1,AD40,AE40)*(1-敌方抗性+AF40)*(1+AG40)/IF($A$39="DPMP",ROUNDUP($B$30*(2-Z40),0),1)/IF($A$39="DPSMP",ROUNDUP($B$31*MAX(0.25,(2-Z40)/Y40),0),1)*防御乘区(AH40)} -> 653173.63 | U40: {=(取角色总属性(U$39)+基础(U$39)*取单角色MOD属性($E40,U$39))*(1+取角色总属性("属性伤")+取单角色MOD属性($E40,"属性伤"))} -> 6096.6876 | V40: {=取角色总属性(V$39)+基础(V$39)*取单角色MOD属性($E40,V$39)} -> 3388.6505 | W40: {=取角色总属性(W$39)+基础(W$39)*取单角色MOD属性($E40,W$39)} -> 971.49024 | X40: {=取角色总属性(X$39)+基础(X$39)*取单角色MOD属性($E40,X$39)} -> 5.92554 | Y40: {=取角色总属性(Y$39)+基础(Y$39)*取单角色MOD属性($E40,Y$39)} -> 1.2 | Z40: {=取角色总属性(Z$39)+基础(Z$39)*取单角色MOD属性($E40,Z$39)} -> 0 | AA40: {=取角色总属性(AA$39)+基础(AA$39)*取单角色MOD属性($E40,AA$39)} -> 1.33594 | AB40: {=取角色总属性(AB$39)+基础(AB$39)*取单角色MOD属性($E40,AB$39)} -> 0 | AC40: {=取角色总属性(AC$39)+基础(AC$39)*取单角色MOD属性($E40,AC$39)} -> 0.83008 | ... AH40: {=取角色总属性(AH$39)+基础(AH$39)*取单角色MOD属性($E40,AH$39)} -> 0 | AV40: 锋芒突击枪 | AW40: 迅捷 | AX40: 攻势
D41: =(T41-B$39)/B$39 -> -0.14803278 | E41: =VLOOKUP($B$6,$BD$2:$BI$7,ROWS(E$40:E41)+1,0) -> 炽灼·决断 | F41: =IFERROR(VLOOKUP($E41,角色MOD表[],MATCH(F$6,角色MOD表[#Headers],0),0),"") -> 契约者 | G41: =IFERROR(VLOOKUP($E41,角色MOD表[],MATCH(G$6,角色MOD表[#Headers],0),0),"") -> 金 | H41: =IFERROR(VLOOKUP($E41,角色MOD表[],MATCH(H$6,角色MOD表[#Headers],0),0),"")&"" -> V | I41: =IF(AND(K41<>"",H41<>""),ROUNDUP(IF(H41=K41,IFERROR(VLOOKUP($E41,角色MOD表[],6,0)+$J41-IF($G41="金",10,IF($G41="绿",3,5)),0)/2,IFERROR(VLOOKUP($E41,角色MOD表[],6,0)+$J41-IF($G41="金",10,IF($G41="绿",3,5)),0)*1.5),0),IFERROR(VLOOKUP($E41,角色MOD表[],6,0)+$J41-IF($G41="金",10,IF($G41="绿",3,5)),0)) -> 20 | J41: 10 | L41: {=IFERROR(INDEX(角色MOD表[#Headers],SMALL(_xlfn._xlws.FILTER(COLUMN(_xlfn.DROP(INDEX(角色MOD表[],MATCH($E41,角色MOD表[名称],0),),,MATCH("耐受",角色MOD表[#Headers],0)))*(_xlfn.DROP(INDEX(角色MOD表[],MATCH($E41,角色MOD表[名称],0),),,6)<>""),COLUMN(_xlfn.DROP(INDEX(角色MOD表[],MATCH($E41,角色MOD表[名称],0),),,MATCH("耐受",角色MOD表[#Headers],0)))*(_xlfn.DROP(INDEX(角色MOD表[],MATCH($E41,角色MOD表[名称],0),),,6)<>"")<>0),ROUNDUP(COLUMNS($L41:L41)/2,0))),"")} -> 威力 | M41: {=IFERROR(_xlfn.MAP(INDEX(INDEX(角色MOD表[],MATCH($E41,角色MOD表[名称],0),),SMALL(_xlfn._xlws.FILTER(COLUMN(_xlfn.DROP(INDEX(角色MOD表[],MATCH($E41,角色MOD表[名称],0),),,MATCH("耐受",角色MOD表[#Headers],0)))*(_xlfn.DROP(INDEX(角色MOD表[],MATCH($E41,角色MOD表[名称],0),),,MATCH("耐受",角色MOD表[#Headers],0))<>""),COLUMN(_xlfn.DROP(INDEX(角色MOD表[],MATCH($E41,角色MOD表[名称],0),),,MATCH("耐受",角色MOD表[#Headers],0)))*(_xlfn.DROP(INDEX(角色MOD表[],MATCH($E41,角色MOD表[名称],0),),,MATCH("耐受",角色MOD表[#Headers],0))<>"")<>0),ROUNDUP(COLUMNS($L41:L41)/2,0))),_xlfn.LAMBDA(_xlpm.x,IFERROR(IF(ISNUMBER(MATCH($F41,{"百首","狮鹫","契约者"},0)),1+SUM(IFERROR(BUFF层数乘数*VLOOKUP(BUFF,BUFF表[],MATCH("MOD属性",BUFF表[#Headers],0),0),0)),1)*MIN(1,($J41+1)/IF($G41="金",11,IF($G41="绿",4,6)))*_xlpm.x,_xlpm.x))),"")} -> 0.44792 | N41: {=IFERROR(INDEX(角色MOD表[#Headers],SMALL(_xlfn._xlws.FILTER(COLUMN(_xlfn.DROP(INDEX(角色MOD表[],MATCH($E41,角色MOD表[名称],0),),,MATCH("耐受",角色MOD表[#Headers],0)))*(_xlfn.DROP(INDEX(角色MOD表[],MATCH($E41,角色MOD表[名称],0),),,6)<>""),COLUMN(_xlfn.DROP(INDEX(角色MOD表[],MATCH($E41,角色MOD表[名称],0),),,MATCH("耐受",角色MOD表[#Headers],0)))*(_xlfn.DROP(INDEX(角色MOD表[],MATCH($E41,角色MOD表[名称],0),),,6)<>"")<>0),ROUNDUP(COLUMNS($L41:N41)/2,0))),"")} -> 攻击 | O41: {=IFERROR(_xlfn.MAP(INDEX(INDEX(角色MOD表[],MATCH($E41,角色MOD表[名称],0),),SMALL(_xlfn._xlws.FILTER(COLUMN(_xlfn.DROP(INDEX(角色MOD表[],MATCH($E41,角色MOD表[名称],0),),,MATCH("耐受",角色MOD表[#Headers],0)))*(_xlfn.DROP(INDEX(角色MOD表[],MATCH($E41,角色MOD表[名称],0),),,MATCH("耐受",角色MOD表[#Headers],0))<>""),COLUMN(_xlfn.DROP(INDEX(角色MOD表[],MATCH($E41,角色MOD表[名称],0),),,MATCH("耐受",角色MOD表[#Headers],0)))*(_xlfn.DROP(INDEX(角色MOD表[],MATCH($E41,角色MOD表[名称],0),),,MATCH("耐受",角色MOD表[#Headers],0))<>"")<>0),ROUNDUP(COLUMNS($L41:N41)/2,0))),_xlfn.LAMBDA(_xlpm.x,IFERROR(IF(ISNUMBER(MATCH($F41,{"百首","狮鹫","契约者"},0)),1+SUM(IFERROR(BUFF层数乘数*VLOOKUP(BUFF,BUFF表[],MATCH("MOD属性",BUFF表[#Headers],0),0),0)),1)*MIN(1,($J41+1)/IF($G41="金",11,IF($G41="绿",4,6)))*_xlpm.x,_xlpm.x))),"")} -> 0.89584 | P41: {=IFERROR(INDEX(角色MOD表[#Headers],SMALL(_xlfn._xlws.FILTER(COLUMN(_xlfn.DROP(INDEX(角色MOD表[],MATCH($E41,角色MOD表[名称],0),),,MATCH("耐受",角色MOD表[#Headers],0)))*(_xlfn.DROP(INDEX(角色MOD表[],MATCH($E41,角色MOD表[名称],0),),,6)<>""),COLUMN(_xlfn.DROP(INDEX(角色MOD表[],MATCH($E41,角色MOD表[名称],0),),,MATCH("耐受",角色MOD表[#Headers],0)))*(_xlfn.DROP(INDEX(角色MOD表[],MATCH($E41,角色MOD表[名称],0),),,6)<>"")<>0),ROUNDUP(COLUMNS($L41:P41)/2,0))),"")} | Q41: {=IFERROR(_xlfn.MAP(INDEX(INDEX(角色MOD表[],MATCH($E41,角色MOD表[名称],0),),SMALL(_xlfn._xlws.FILTER(COLUMN(_xlfn.DROP(INDEX(角色MOD表[],MATCH($E41,角色MOD表[名称],0),),,MATCH("耐受",角色MOD表[#Headers],0)))*(_xlfn.DROP(INDEX(角色MOD表[],MATCH($E41,角色MOD表[名称],0),),,MATCH("耐受",角色MOD表[#Headers],0))<>""),COLUMN(_xlfn.DROP(INDEX(角色MOD表[],MATCH($E41,角色MOD表[名称],0),),,MATCH("耐受",角色MOD表[#Headers],0)))*(_xlfn.DROP(INDEX(角色MOD表[],MATCH($E41,角色MOD表[名称],0),),,MATCH("耐受",角色MOD表[#Headers],0))<>"")<>0),ROUNDUP(COLUMNS($L41:P41)/2,0))),_xlfn.LAMBDA(_xlpm.x,IFERROR(IF(ISNUMBER(MATCH($F41,{"百首","狮鹫","契约者"},0)),1+SUM(IFERROR(BUFF层数乘数*VLOOKUP(BUFF,BUFF表[],MATCH("MOD属性",BUFF表[#Headers],0),0),0)),1)*MIN(1,($J41+1)/IF($G41="金",11,IF($G41="绿",4,6)))*_xlpm.x,_xlpm.x))),"")} | R41: {=IFERROR(INDEX(角色MOD表[#Headers],SMALL(_xlfn._xlws.FILTER(COLUMN(_xlfn.DROP(INDEX(角色MOD表[],MATCH($E41,角色MOD表[名称],0),),,MATCH("耐受",角色MOD表[#Headers],0)))*(_xlfn.DROP(INDEX(角色MOD表[],MATCH($E41,角色MOD表[名称],0),),,6)<>""),COLUMN(_xlfn.DROP(INDEX(角色MOD表[],MATCH($E41,角色MOD表[名称],0),),,MATCH("耐受",角色MOD表[#Headers],0)))*(_xlfn.DROP(INDEX(角色MOD表[],MATCH($E41,角色MOD表[名称],0),),,6)<>"")<>0),ROUNDUP(COLUMNS($L41:R41)/2,0))),"")} | S41: {=IFERROR(_xlfn.MAP(INDEX(INDEX(角色MOD表[],MATCH($E41,角色MOD表[名称],0),),SMALL(_xlfn._xlws.FILTER(COLUMN(_xlfn.DROP(INDEX(角色MOD表[],MATCH($E41,角色MOD表[名称],0),),,MATCH("耐受",角色MOD表[#Headers],0)))*(_xlfn.DROP(INDEX(角色MOD表[],MATCH($E41,角色MOD表[名称],0),),,MATCH("耐受",角色MOD表[#Headers],0))<>""),COLUMN(_xlfn.DROP(INDEX(角色MOD表[],MATCH($E41,角色MOD表[名称],0),),,MATCH("耐受",角色MOD表[#Headers],0)))*(_xlfn.DROP(INDEX(角色MOD表[],MATCH($E41,角色MOD表[名称],0),),,MATCH("耐受",角色MOD表[#Headers],0))<>"")<>0),ROUNDUP(COLUMNS($L41:R41)/2,0))),_xlfn.LAMBDA(_xlpm.x,IFERROR(IF(ISNUMBER(MATCH($F41,{"百首","狮鹫","契约者"},0)),1+SUM(IFERROR(BUFF层数乘数*VLOOKUP(BUFF,BUFF表[],MATCH("MOD属性",BUFF表[#Headers],0),0),0)),1)*MIN(1,($J41+1)/IF($G41="金",11,IF($G41="绿",4,6)))*_xlpm.x,_xlpm.x))),"")} | T41: {=X41*SUM(B$24*U41,B$26*V41,B$25*W41,B$27)*昂扬背水乘区(AB41,AC41)*SUM(1,AD41,AE41)*(1-敌方抗性+AF41)*(1+AG41)/IF($A$39="DPMP",ROUNDUP($B$30*(2-Z41),0),1)/IF($A$39="DPSMP",ROUNDUP($B$31*MAX(0.25,(2-Z41)/Y41),0),1)*防御乘区(AH41)} -> 752759.73 | U41: {=(取角色总属性(U$39)+基础(U$39)*取单角色MOD属性($E41,U$39))*(1+取角色总属性("属性伤")+取单角色MOD属性($E41,"属性伤"))} -> 6532.4238 | V41: {=取角色总属性(V$39)+基础(V$39)*取单角色MOD属性($E41,V$39)} -> 3388.6505 | W41: {=取角色总属性(W$39)+基础(W$39)*取单角色MOD属性($E41,W$39)} -> 971.49024 | X41: {=取角色总属性(X$39)+基础(X$39)*取单角色MOD属性($E41,X$39)} -> 6.37346 | Y41: {=取角色总属性(Y$39)+基础(Y$39)*取单角色MOD属性($E41,Y$39)} -> 1.2 | Z41: {=取角色总属性(Z$39)+基础(Z$39)*取单角色MOD属性($E41,Z$39)} -> 0 | AA41: {=取角色总属性(AA$39)+基础(AA$39)*取单角色MOD属性($E41,AA$39)} -> 1.33594 | AB41: {=取角色总属性(AB$39)+基础(AB$39)*取单角色MOD属性($E41,AB$39)} -> 0 | AC41: {=取角色总属性(AC$39)+基础(AC$39)*取单角色MOD属性($E41,AC$39)} -> 0.83008 | ... AH41: {=取角色总属性(AH$39)+基础(AH$39)*取单角色MOD属性($E41,AH$39)} -> 0 | AV41: 锋芒弓 | AW41: 领界 | AX41: 专注
D42: =(T42-B$39)/B$39 -> -0.26074351 | E42: =VLOOKUP($B$6,$BD$2:$BI$7,ROWS(E$40:E42)+1,0) -> 羽翼·永恒 | F42: =IFERROR(VLOOKUP($E42,角色MOD表[],MATCH(F$6,角色MOD表[#Headers],0),0),"") -> 契约者 | G42: =IFERROR(VLOOKUP($E42,角色MOD表[],MATCH(G$6,角色MOD表[#Headers],0),0),"") -> 金 | H42: =IFERROR(VLOOKUP($E42,角色MOD表[],MATCH(H$6,角色MOD表[#Headers],0),0),"")&"" -> O | I42: =IF(AND(K42<>"",H42<>""),ROUNDUP(IF(H42=K42,IFERROR(VLOOKUP($E42,角色MOD表[],6,0)+$J42-IF($G42="金",10,IF($G42="绿",3,5)),0)/2,IFERROR(VLOOKUP($E42,角色MOD表[],6,0)+$J42-IF($G42="金",10,IF($G42="绿",3,5)),0)*1.5),0),IFERROR(VLOOKUP($E42,角色MOD表[],6,0)+$J42-IF($G42="金",10,IF($G42="绿",3,5)),0)) -> 18 | J42: 10 | L42: {=IFERROR(INDEX(角色MOD表[#Headers],SMALL(_xlfn._xlws.FILTER(COLUMN(_xlfn.DROP(INDEX(角色MOD表[],MATCH($E42,角色MOD表[名称],0),),,MATCH("耐受",角色MOD表[#Headers],0)))*(_xlfn.DROP(INDEX(角色MOD表[],MATCH($E42,角色MOD表[名称],0),),,6)<>""),COLUMN(_xlfn.DROP(INDEX(角色MOD表[],MATCH($E42,角色MOD表[名称],0),),,MATCH("耐受",角色MOD表[#Headers],0)))*(_xlfn.DROP(INDEX(角色MOD表[],MATCH($E42,角色MOD表[名称],0),),,6)<>"")<>0),ROUNDUP(COLUMNS($L42:L42)/2,0))),"")} -> 耐久 | M42: {=IFERROR(_xlfn.MAP(INDEX(INDEX(角色MOD表[],MATCH($E42,角色MOD表[名称],0),),SMALL(_xlfn._xlws.FILTER(COLUMN(_xlfn.DROP(INDEX(角色MOD表[],MATCH($E42,角色MOD表[名称],0),),,MATCH("耐受",角色MOD表[#Headers],0)))*(_xlfn.DROP(INDEX(角色MOD表[],MATCH($E42,角色MOD表[名称],0),),,MATCH("耐受",角色MOD表[#Headers],0))<>""),COLUMN(_xlfn.DROP(INDEX(角色MOD表[],MATCH($E42,角色MOD表[名称],0),),,MATCH("耐受",角色MOD表[#Headers],0)))*(_xlfn.DROP(INDEX(角色MOD表[],MATCH($E42,角色MOD表[名称],0),),,MATCH("耐受",角色MOD表[#Headers],0))<>"")<>0),ROUNDUP(COLUMNS($L42:L42)/2,0))),_xlfn.LAMBDA(_xlpm.x,IFERROR(IF(ISNUMBER(MATCH($F42,{"百首","狮鹫","契约者"},0)),1+SUM(IFERROR(BUFF层数乘数*VLOOKUP(BUFF,BUFF表[],MATCH("MOD属性",BUFF表[#Headers],0),0),0)),1)*MIN(1,($J42+1)/IF($G42="金",11,IF($G42="绿",4,6)))*_xlpm.x,_xlpm.x))),"")} -> 0.33594 | N42: {=IFERROR(INDEX(角色MOD表[#Headers],SMALL(_xlfn._xlws.FILTER(COLUMN(_xlfn.DROP(INDEX(角色MOD表[],MATCH($E42,角色MOD表[名称],0),),,MATCH("耐受",角色MOD表[#Headers],0)))*(_xlfn.DROP(INDEX(角色MOD表[],MATCH($E42,角色MOD表[名称],0),),,6)<>""),COLUMN(_xlfn.DROP(INDEX(角色MOD表[],MATCH($E42,角色MOD表[名称],0),),,MATCH("耐受",角色MOD表[#Headers],0)))*(_xlfn.DROP(INDEX(角色MOD表[],MATCH($E42,角色MOD表[名称],0),),,6)<>"")<>0),ROUNDUP(COLUMNS($L42:N42)/2,0))),"")} -> 神智 | O42: {=IFERROR(_xlfn.MAP(INDEX(INDEX(角色MOD表[],MATCH($E42,角色MOD表[名称],0),),SMALL(_xlfn._xlws.FILTER(COLUMN(_xlfn.DROP(INDEX(角色MOD表[],MATCH($E42,角色MOD表[名称],0),),,MATCH("耐受",角色MOD表[#Headers],0)))*(_xlfn.DROP(INDEX(角色MOD表[],MATCH($E42,角色MOD表[名称],0),),,MATCH("耐受",角色MOD表[#Headers],0))<>""),COLUMN(_xlfn.DROP(INDEX(角色MOD表[],MATCH($E42,角色MOD表[名称],0),),,MATCH("耐受",角色MOD表[#Headers],0)))*(_xlfn.DROP(INDEX(角色MOD表[],MATCH($E42,角色MOD表[名称],0),),,MATCH("耐受",角色MOD表[#Headers],0))<>"")<>0),ROUNDUP(COLUMNS($L42:N42)/2,0))),_xlfn.LAMBDA(_xlpm.x,IFERROR(IF(ISNUMBER(MATCH($F42,{"百首","狮鹫","契约者"},0)),1+SUM(IFERROR(BUFF层数乘数*VLOOKUP(BUFF,BUFF表[],MATCH("MOD属性",BUFF表[#Headers],0),0),0)),1)*MIN(1,($J42+1)/IF($G42="金",11,IF($G42="绿",4,6)))*_xlpm.x,_xlpm.x))),"")} -> 0.44792 | P42: {=IFERROR(INDEX(角色MOD表[#Headers],SMALL(_xlfn._xlws.FILTER(COLUMN(_xlfn.DROP(INDEX(角色MOD表[],MATCH($E42,角色MOD表[名称],0),),,MATCH("耐受",角色MOD表[#Headers],0)))*(_xlfn.DROP(INDEX(角色MOD表[],MATCH($E42,角色MOD表[名称],0),),,6)<>""),COLUMN(_xlfn.DROP(INDEX(角色MOD表[],MATCH($E42,角色MOD表[名称],0),),,MATCH("耐受",角色MOD表[#Headers],0)))*(_xlfn.DROP(INDEX(角色MOD表[],MATCH($E42,角色MOD表[名称],0),),,6)<>"")<>0),ROUNDUP(COLUMNS($L42:P42)/2,0))),"")} | Q42: {=IFERROR(_xlfn.MAP(INDEX(INDEX(角色MOD表[],MATCH($E42,角色MOD表[名称],0),),SMALL(_xlfn._xlws.FILTER(COLUMN(_xlfn.DROP(INDEX(角色MOD表[],MATCH($E42,角色MOD表[名称],0),),,MATCH("耐受",角色MOD表[#Headers],0)))*(_xlfn.DROP(INDEX(角色MOD表[],MATCH($E42,角色MOD表[名称],0),),,MATCH("耐受",角色MOD表[#Headers],0))<>""),COLUMN(_xlfn.DROP(INDEX(角色MOD表[],MATCH($E42,角色MOD表[名称],0),),,MATCH("耐受",角色MOD表[#Headers],0)))*(_xlfn.DROP(INDEX(角色MOD表[],MATCH($E42,角色MOD表[名称],0),),,MATCH("耐受",角色MOD表[#Headers],0))<>"")<>0),ROUNDUP(COLUMNS($L42:P42)/2,0))),_xlfn.LAMBDA(_xlpm.x,IFERROR(IF(ISNUMBER(MATCH($F42,{"百首","狮鹫","契约者"},0)),1+SUM(IFERROR(BUFF层数乘数*VLOOKUP(BUFF,BUFF表[],MATCH("MOD属性",BUFF表[#Headers],0),0),0)),1)*MIN(1,($J42+1)/IF($G42="金",11,IF($G42="绿",4,6)))*_xlpm.x,_xlpm.x))),"")} | R42: {=IFERROR(INDEX(角色MOD表[#Headers],SMALL(_xlfn._xlws.FILTER(COLUMN(_xlfn.DROP(INDEX(角色MOD表[],MATCH($E42,角色MOD表[名称],0),),,MATCH("耐受",角色MOD表[#Headers],0)))*(_xlfn.DROP(INDEX(角色MOD表[],MATCH($E42,角色MOD表[名称],0),),,6)<>""),COLUMN(_xlfn.DROP(INDEX(角色MOD表[],MATCH($E42,角色MOD表[名称],0),),,MATCH("耐受",角色MOD表[#Headers],0)))*(_xlfn.DROP(INDEX(角色MOD表[],MATCH($E42,角色MOD表[名称],0),),,6)<>"")<>0),ROUNDUP(COLUMNS($L42:R42)/2,0))),"")} | S42: {=IFERROR(_xlfn.MAP(INDEX(INDEX(角色MOD表[],MATCH($E42,角色MOD表[名称],0),),SMALL(_xlfn._xlws.FILTER(COLUMN(_xlfn.DROP(INDEX(角色MOD表[],MATCH($E42,角色MOD表[名称],0),),,MATCH("耐受",角色MOD表[#Headers],0)))*(_xlfn.DROP(INDEX(角色MOD表[],MATCH($E42,角色MOD表[名称],0),),,MATCH("耐受",角色MOD表[#Headers],0))<>""),COLUMN(_xlfn.DROP(INDEX(角色MOD表[],MATCH($E42,角色MOD表[名称],0),),,MATCH("耐受",角色MOD表[#Headers],0)))*(_xlfn.DROP(INDEX(角色MOD表[],MATCH($E42,角色MOD表[名称],0),),,MATCH("耐受",角色MOD表[#Headers],0))<>"")<>0),ROUNDUP(COLUMNS($L42:R42)/2,0))),_xlfn.LAMBDA(_xlpm.x,IFERROR(IF(ISNUMBER(MATCH($F42,{"百首","狮鹫","契约者"},0)),1+SUM(IFERROR(BUFF层数乘数*VLOOKUP(BUFF,BUFF表[],MATCH("MOD属性",BUFF表[#Headers],0),0),0)),1)*MIN(1,($J42+1)/IF($G42="金",11,IF($G42="绿",4,6)))*_xlpm.x,_xlpm.x))),"")} | T42: {=X42*SUM(B$24*U42,B$26*V42,B$25*W42,B$27)*昂扬背水乘区(AB42,AC42)*SUM(1,AD42,AE42)*(1-敌方抗性+AF42)*(1+AG42)/IF($A$39="DPMP",ROUNDUP($B$30*(2-Z42),0),1)/IF($A$39="DPSMP",ROUNDUP($B$31*MAX(0.25,(2-Z42)/Y42),0),1)*防御乘区(AH42)} -> 653173.63 | U42: {=(取角色总属性(U$39)+基础(U$39)*取单角色MOD属性($E42,U$39))*(1+取角色总属性("属性伤")+取单角色MOD属性($E42,"属性伤"))} -> 6096.6876 | V42: {=取角色总属性(V$39)+基础(V$39)*取单角色MOD属性($E42,V$39)} -> 3388.6505 | W42: {=取角色总属性(W$39)+基础(W$39)*取单角色MOD属性($E42,W$39)} -> 971.49024 | X42: {=取角色总属性(X$39)+基础(X$39)*取单角色MOD属性($E42,X$39)} -> 5.92554 | Y42: {=取角色总属性(Y$39)+基础(Y$39)*取单角色MOD属性($E42,Y$39)} -> 1.53594 | Z42: {=取角色总属性(Z$39)+基础(Z$39)*取单角色MOD属性($E42,Z$39)} -> 0 | AA42: {=取角色总属性(AA$39)+基础(AA$39)*取单角色MOD属性($E42,AA$39)} -> 1.33594 | AB42: {=取角色总属性(AB$39)+基础(AB$39)*取单角色MOD属性($E42,AB$39)} -> 0 | AC42: {=取角色总属性(AC$39)+基础(AC$39)*取单角色MOD属性($E42,AC$39)} -> 0.83008 | ... AH42: {=取角色总属性(AH$39)+基础(AH$39)*取单角色MOD属性($E42,AH$39)} -> 0 | AV42: 决断 | AW42: 锋锐 | AX42: 盛怒
